ProductID,ProductName,Brand,Category,Year,Month,QuantitySold
1,CVT Cleaner,Koby,Maintenance,2023,January,29
1,CVT Cleaner,Koby,Maintenance,2023,February,14
1,CVT Cleaner,Koby,Maintenance,2023,March,35
1,CVT Cleaner,Koby,Maintenance,2023,April,22
1,CVT Cleaner,Koby,Maintenance,2023,May,24
1,CVT Cleaner,Koby,Maintenance,2023,June,28
1,CVT Cleaner,Koby,Maintenance,2023,July,13
1,CVT Cleaner,Koby,Maintenance,2023,August,24
1,CVT Cleaner,Koby,Maintenance,2023,September,23
1,CVT Cleaner,Koby,Maintenance,2023,October,36
1,CVT Cleaner,Koby,Maintenance,2023,November,56
1,CVT Cleaner,Koby,Maintenance,2023,December,55
1,CVT Cleaner,Koby,Maintenance,2024,January,5
1,CVT Cleaner,Koby,Maintenance,2024,February,8
1,CVT Cleaner,Koby,Maintenance,2024,March,14
1,CVT Cleaner,Koby,Maintenance,2024,April,2
1,CVT Cleaner,Koby,Maintenance,2024,May,26
1,CVT Cleaner,Koby,Maintenance,2024,June,25
1,CVT Cleaner,Koby,Maintenance,2024,July,19
1,CVT Cleaner,Koby,Maintenance,2024,August,38
1,CVT Cleaner,Koby,Maintenance,2024,September,19
1,CVT Cleaner,Koby,Maintenance,2024,October,10
1,CVT Cleaner,Koby,Maintenance,2024,November,21
1,CVT Cleaner,Koby,Maintenance,2024,December,19
1,CVT Cleaner,Koby,Maintenance,2025,January,102
1,CVT Cleaner,Koby,Maintenance,2025,February,83
1,CVT Cleaner,Koby,Maintenance,2025,March,82
1,CVT Cleaner,Koby,Maintenance,2025,April,62
1,CVT Cleaner,Koby,Maintenance,2025,May,62
1,CVT Cleaner,Koby,Maintenance,2025,June,81
1,CVT Cleaner,Koby,Maintenance,2025,July,68
1,CVT Cleaner,Koby,Maintenance,2025,August,59
1,CVT Cleaner,Koby,Maintenance,2025,September,49
1,CVT Cleaner,Koby,Maintenance,2025,October,69
1,CVT Cleaner,Koby,Maintenance,2025,November,73
1,CVT Cleaner,Koby,Maintenance,2025,December,92
1,CVT Cleaner,Koby,Maintenance,2026,January,74
1,CVT Cleaner,Koby,Maintenance,2026,February,93
1,CVT Cleaner,Koby,Maintenance,2026,March,61
1,CVT Cleaner,Koby,Maintenance,2026,April,72
1,CVT Cleaner,Koby,Maintenance,2026,May,87
2,Oil Seal Pulley,Yamaha,Yamaha Genuine Parts,2023,January,16
2,Oil Seal Pulley,Yamaha,Yamaha Genuine Parts,2023,February,13
2,Oil Seal Pulley,Yamaha,Yamaha Genuine Parts,2023,March,22
2,Oil Seal Pulley,Yamaha,Yamaha Genuine Parts,2023,April,21
2,Oil Seal Pulley,Yamaha,Yamaha Genuine Parts,2023,May,11
2,Oil Seal Pulley,Yamaha,Yamaha Genuine Parts,2023,June,11
2,Oil Seal Pulley,Yamaha,Yamaha Genuine Parts,2023,July,9
2,Oil Seal Pulley,Yamaha,Yamaha Genuine Parts,2023,August,18
2,Oil Seal Pulley,Yamaha,Yamaha Genuine Parts,2023,September,9
2,Oil Seal Pulley,Yamaha,Yamaha Genuine Parts,2023,October,16
2,Oil Seal Pulley,Yamaha,Yamaha Genuine Parts,2023,November,12
2,Oil Seal Pulley,Yamaha,Yamaha Genuine Parts,2023,December,19
2,Oil Seal Pulley,Yamaha,Yamaha Genuine Parts,2024,January,4
2,Oil Seal Pulley,Yamaha,Yamaha Genuine Parts,2024,February,4
2,Oil Seal Pulley,Yamaha,Yamaha Genuine Parts,2024,March,7
2,Oil Seal Pulley,Yamaha,Yamaha Genuine Parts,2024,April,1
2,Oil Seal Pulley,Yamaha,Yamaha Genuine Parts,2024,May,6
2,Oil Seal Pulley,Yamaha,Yamaha Genuine Parts,2024,June,11
2,Oil Seal Pulley,Yamaha,Yamaha Genuine Parts,2024,July,16
2,Oil Seal Pulley,Yamaha,Yamaha Genuine Parts,2024,August,9
2,Oil Seal Pulley,Yamaha,Yamaha Genuine Parts,2024,September,14
2,Oil Seal Pulley,Yamaha,Yamaha Genuine Parts,2024,October,5
2,Oil Seal Pulley,Yamaha,Yamaha Genuine Parts,2024,November,10
2,Oil Seal Pulley,Yamaha,Yamaha Genuine Parts,2024,December,8
2,Oil Seal Pulley,Yamaha,Yamaha Genuine Parts,2025,January,23
2,Oil Seal Pulley,Yamaha,Yamaha Genuine Parts,2025,February,24
2,Oil Seal Pulley,Yamaha,Yamaha Genuine Parts,2025,March,28
2,Oil Seal Pulley,Yamaha,Yamaha Genuine Parts,2025,April,19
2,Oil Seal Pulley,Yamaha,Yamaha Genuine Parts,2025,May,15
2,Oil Seal Pulley,Yamaha,Yamaha Genuine Parts,2025,June,18
2,Oil Seal Pulley,Yamaha,Yamaha Genuine Parts,2025,July,13
2,Oil Seal Pulley,Yamaha,Yamaha Genuine Parts,2025,August,25
2,Oil Seal Pulley,Yamaha,Yamaha Genuine Parts,2025,September,14
2,Oil Seal Pulley,Yamaha,Yamaha Genuine Parts,2025,October,15
2,Oil Seal Pulley,Yamaha,Yamaha Genuine Parts,2025,November,22
2,Oil Seal Pulley,Yamaha,Yamaha Genuine Parts,2025,December,22
2,Oil Seal Pulley,Yamaha,Yamaha Genuine Parts,2026,January,36
2,Oil Seal Pulley,Yamaha,Yamaha Genuine Parts,2026,February,30
2,Oil Seal Pulley,Yamaha,Yamaha Genuine Parts,2026,March,14
2,Oil Seal Pulley,Yamaha,Yamaha Genuine Parts,2026,April,14
2,Oil Seal Pulley,Yamaha,Yamaha Genuine Parts,2026,May,15
3,Blue Core,Yamaha,Maintenance,2023,January,19
3,Blue Core,Yamaha,Maintenance,2023,February,18
3,Blue Core,Yamaha,Maintenance,2023,March,20
3,Blue Core,Yamaha,Maintenance,2023,April,12
3,Blue Core,Yamaha,Maintenance,2023,May,19
3,Blue Core,Yamaha,Maintenance,2023,June,13
3,Blue Core,Yamaha,Maintenance,2023,July,17
3,Blue Core,Yamaha,Maintenance,2023,August,24
3,Blue Core,Yamaha,Maintenance,2023,September,20
3,Blue Core,Yamaha,Maintenance,2023,October,18
3,Blue Core,Yamaha,Maintenance,2023,November,26
3,Blue Core,Yamaha,Maintenance,2023,December,20
3,Blue Core,Yamaha,Maintenance,2024,January,3
3,Blue Core,Yamaha,Maintenance,2024,February,4
3,Blue Core,Yamaha,Maintenance,2024,March,5
3,Blue Core,Yamaha,Maintenance,2024,April,1
3,Blue Core,Yamaha,Maintenance,2024,May,12
3,Blue Core,Yamaha,Maintenance,2024,June,5
3,Blue Core,Yamaha,Maintenance,2024,July,8
3,Blue Core,Yamaha,Maintenance,2024,August,14
3,Blue Core,Yamaha,Maintenance,2024,September,9
3,Blue Core,Yamaha,Maintenance,2024,October,5
3,Blue Core,Yamaha,Maintenance,2024,November,8
3,Blue Core,Yamaha,Maintenance,2024,December,7
3,Blue Core,Yamaha,Maintenance,2025,January,46
3,Blue Core,Yamaha,Maintenance,2025,February,33
3,Blue Core,Yamaha,Maintenance,2025,March,15
3,Blue Core,Yamaha,Maintenance,2025,April,14
3,Blue Core,Yamaha,Maintenance,2025,May,12
3,Blue Core,Yamaha,Maintenance,2025,June,14
3,Blue Core,Yamaha,Maintenance,2025,July,18
3,Blue Core,Yamaha,Maintenance,2025,August,12
3,Blue Core,Yamaha,Maintenance,2025,September,20
3,Blue Core,Yamaha,Maintenance,2025,October,16
3,Blue Core,Yamaha,Maintenance,2025,November,12
3,Blue Core,Yamaha,Maintenance,2025,December,22
3,Blue Core,Yamaha,Maintenance,2026,January,21
3,Blue Core,Yamaha,Maintenance,2026,February,21
3,Blue Core,Yamaha,Maintenance,2026,March,25
3,Blue Core,Yamaha,Maintenance,2026,April,17
3,Blue Core,Yamaha,Maintenance,2026,May,23
4,Valve Seal,Yamaha,Yamaha Genuine Parts,2023,January,4
4,Valve Seal,Yamaha,Yamaha Genuine Parts,2023,February,9
4,Valve Seal,Yamaha,Yamaha Genuine Parts,2023,March,21
4,Valve Seal,Yamaha,Yamaha Genuine Parts,2023,April,17
4,Valve Seal,Yamaha,Yamaha Genuine Parts,2023,May,19
4,Valve Seal,Yamaha,Yamaha Genuine Parts,2023,June,23
4,Valve Seal,Yamaha,Yamaha Genuine Parts,2023,July,22
4,Valve Seal,Yamaha,Yamaha Genuine Parts,2023,August,36
4,Valve Seal,Yamaha,Yamaha Genuine Parts,2023,September,5
4,Valve Seal,Yamaha,Yamaha Genuine Parts,2023,October,8
4,Valve Seal,Yamaha,Yamaha Genuine Parts,2023,November,4
4,Valve Seal,Yamaha,Yamaha Genuine Parts,2023,December,21
4,Valve Seal,Yamaha,Yamaha Genuine Parts,2024,January,3
4,Valve Seal,Yamaha,Yamaha Genuine Parts,2024,February,3
4,Valve Seal,Yamaha,Yamaha Genuine Parts,2024,March,4
4,Valve Seal,Yamaha,Yamaha Genuine Parts,2024,April,1
4,Valve Seal,Yamaha,Yamaha Genuine Parts,2024,May,2
4,Valve Seal,Yamaha,Yamaha Genuine Parts,2024,June,1
4,Valve Seal,Yamaha,Yamaha Genuine Parts,2024,July,5
4,Valve Seal,Yamaha,Yamaha Genuine Parts,2024,August,2
4,Valve Seal,Yamaha,Yamaha Genuine Parts,2024,September,4
4,Valve Seal,Yamaha,Yamaha Genuine Parts,2024,October,4
4,Valve Seal,Yamaha,Yamaha Genuine Parts,2024,November,4
4,Valve Seal,Yamaha,Yamaha Genuine Parts,2024,December,4
4,Valve Seal,Yamaha,Yamaha Genuine Parts,2025,January,14
4,Valve Seal,Yamaha,Yamaha Genuine Parts,2025,February,22
4,Valve Seal,Yamaha,Yamaha Genuine Parts,2025,March,28
4,Valve Seal,Yamaha,Yamaha Genuine Parts,2025,April,18
4,Valve Seal,Yamaha,Yamaha Genuine Parts,2025,May,10
4,Valve Seal,Yamaha,Yamaha Genuine Parts,2025,June,2
4,Valve Seal,Yamaha,Yamaha Genuine Parts,2025,July,8
4,Valve Seal,Yamaha,Yamaha Genuine Parts,2025,August,30
4,Valve Seal,Yamaha,Yamaha Genuine Parts,2025,September,22
4,Valve Seal,Yamaha,Yamaha Genuine Parts,2025,October,18
4,Valve Seal,Yamaha,Yamaha Genuine Parts,2025,November,14
4,Valve Seal,Yamaha,Yamaha Genuine Parts,2025,December,8
4,Valve Seal,Yamaha,Yamaha Genuine Parts,2026,January,34
4,Valve Seal,Yamaha,Yamaha Genuine Parts,2026,February,14
4,Valve Seal,Yamaha,Yamaha Genuine Parts,2026,March,30
4,Valve Seal,Yamaha,Yamaha Genuine Parts,2026,April,14
4,Valve Seal,Yamaha,Yamaha Genuine Parts,2026,May,12
5,Yamaha Gear Oil,Yamaha,Maintenance,2023,January,9
5,Yamaha Gear Oil,Yamaha,Maintenance,2023,February,5
5,Yamaha Gear Oil,Yamaha,Maintenance,2023,March,17
5,Yamaha Gear Oil,Yamaha,Maintenance,2023,April,13
5,Yamaha Gear Oil,Yamaha,Maintenance,2023,May,18
5,Yamaha Gear Oil,Yamaha,Maintenance,2023,June,11
5,Yamaha Gear Oil,Yamaha,Maintenance,2023,July,12
5,Yamaha Gear Oil,Yamaha,Maintenance,2023,August,9
5,Yamaha Gear Oil,Yamaha,Maintenance,2023,September,18
5,Yamaha Gear Oil,Yamaha,Maintenance,2023,October,18
5,Yamaha Gear Oil,Yamaha,Maintenance,2023,November,20
5,Yamaha Gear Oil,Yamaha,Maintenance,2023,December,24
5,Yamaha Gear Oil,Yamaha,Maintenance,2024,January,4
5,Yamaha Gear Oil,Yamaha,Maintenance,2024,February,13
5,Yamaha Gear Oil,Yamaha,Maintenance,2024,March,13
5,Yamaha Gear Oil,Yamaha,Maintenance,2024,April,2
5,Yamaha Gear Oil,Yamaha,Maintenance,2024,May,10
5,Yamaha Gear Oil,Yamaha,Maintenance,2024,June,6
5,Yamaha Gear Oil,Yamaha,Maintenance,2024,July,10
5,Yamaha Gear Oil,Yamaha,Maintenance,2024,August,9
5,Yamaha Gear Oil,Yamaha,Maintenance,2024,September,7
5,Yamaha Gear Oil,Yamaha,Maintenance,2024,October,5
5,Yamaha Gear Oil,Yamaha,Maintenance,2024,November,13
5,Yamaha Gear Oil,Yamaha,Maintenance,2024,December,7
5,Yamaha Gear Oil,Yamaha,Maintenance,2025,January,33
5,Yamaha Gear Oil,Yamaha,Maintenance,2025,February,25
5,Yamaha Gear Oil,Yamaha,Maintenance,2025,March,17
5,Yamaha Gear Oil,Yamaha,Maintenance,2025,April,16
5,Yamaha Gear Oil,Yamaha,Maintenance,2025,May,15
5,Yamaha Gear Oil,Yamaha,Maintenance,2025,June,19
5,Yamaha Gear Oil,Yamaha,Maintenance,2025,July,18
5,Yamaha Gear Oil,Yamaha,Maintenance,2025,August,16
5,Yamaha Gear Oil,Yamaha,Maintenance,2025,September,19
5,Yamaha Gear Oil,Yamaha,Maintenance,2025,October,9
5,Yamaha Gear Oil,Yamaha,Maintenance,2025,November,15
5,Yamaha Gear Oil,Yamaha,Maintenance,2025,December,33
5,Yamaha Gear Oil,Yamaha,Maintenance,2026,January,30
5,Yamaha Gear Oil,Yamaha,Maintenance,2026,February,18
5,Yamaha Gear Oil,Yamaha,Maintenance,2026,March,19
5,Yamaha Gear Oil,Yamaha,Maintenance,2026,April,13
5,Yamaha Gear Oil,Yamaha,Maintenance,2026,May,15
6,Honda Oil 800ML,Honda,Maintenance,2023,January,0
6,Honda Oil 800ML,Honda,Maintenance,2023,February,0
6,Honda Oil 800ML,Honda,Maintenance,2023,March,1
6,Honda Oil 800ML,Honda,Maintenance,2023,April,0
6,Honda Oil 800ML,Honda,Maintenance,2023,May,0
6,Honda Oil 800ML,Honda,Maintenance,2023,June,0
6,Honda Oil 800ML,Honda,Maintenance,2023,July,1
6,Honda Oil 800ML,Honda,Maintenance,2023,August,1
6,Honda Oil 800ML,Honda,Maintenance,2023,September,0
6,Honda Oil 800ML,Honda,Maintenance,2023,October,0
6,Honda Oil 800ML,Honda,Maintenance,2023,November,1
6,Honda Oil 800ML,Honda,Maintenance,2023,December,1
6,Honda Oil 800ML,Honda,Maintenance,2024,January,1
6,Honda Oil 800ML,Honda,Maintenance,2024,February,4
6,Honda Oil 800ML,Honda,Maintenance,2024,March,3
6,Honda Oil 800ML,Honda,Maintenance,2024,April,0
6,Honda Oil 800ML,Honda,Maintenance,2024,May,5
6,Honda Oil 800ML,Honda,Maintenance,2024,June,2
6,Honda Oil 800ML,Honda,Maintenance,2024,July,2
6,Honda Oil 800ML,Honda,Maintenance,2024,August,5
6,Honda Oil 800ML,Honda,Maintenance,2024,September,2
6,Honda Oil 800ML,Honda,Maintenance,2024,October,3
6,Honda Oil 800ML,Honda,Maintenance,2024,November,10
6,Honda Oil 800ML,Honda,Maintenance,2024,December,4
6,Honda Oil 800ML,Honda,Maintenance,2025,January,15
6,Honda Oil 800ML,Honda,Maintenance,2025,February,18
6,Honda Oil 800ML,Honda,Maintenance,2025,March,0
6,Honda Oil 800ML,Honda,Maintenance,2025,April,0
6,Honda Oil 800ML,Honda,Maintenance,2025,May,0
6,Honda Oil 800ML,Honda,Maintenance,2025,June,0
6,Honda Oil 800ML,Honda,Maintenance,2025,July,0
6,Honda Oil 800ML,Honda,Maintenance,2025,August,0
6,Honda Oil 800ML,Honda,Maintenance,2025,September,0
6,Honda Oil 800ML,Honda,Maintenance,2025,October,16
6,Honda Oil 800ML,Honda,Maintenance,2025,November,17
6,Honda Oil 800ML,Honda,Maintenance,2025,December,0
6,Honda Oil 800ML,Honda,Maintenance,2026,January,13
6,Honda Oil 800ML,Honda,Maintenance,2026,February,23
6,Honda Oil 800ML,Honda,Maintenance,2026,March,16
6,Honda Oil 800ML,Honda,Maintenance,2026,April,25
6,Honda Oil 800ML,Honda,Maintenance,2026,May,7
7,Slide Piece,Yamaha,Yamaha Genuine Parts,2023,January,27
7,Slide Piece,Yamaha,Yamaha Genuine Parts,2023,February,31
7,Slide Piece,Yamaha,Yamaha Genuine Parts,2023,March,70
7,Slide Piece,Yamaha,Yamaha Genuine Parts,2023,April,18
7,Slide Piece,Yamaha,Yamaha Genuine Parts,2023,May,21
7,Slide Piece,Yamaha,Yamaha Genuine Parts,2023,June,9
7,Slide Piece,Yamaha,Yamaha Genuine Parts,2023,July,12
7,Slide Piece,Yamaha,Yamaha Genuine Parts,2023,August,27
7,Slide Piece,Yamaha,Yamaha Genuine Parts,2023,September,30
7,Slide Piece,Yamaha,Yamaha Genuine Parts,2023,October,27
7,Slide Piece,Yamaha,Yamaha Genuine Parts,2023,November,35
7,Slide Piece,Yamaha,Yamaha Genuine Parts,2023,December,33
7,Slide Piece,Yamaha,Yamaha Genuine Parts,2024,January,6
7,Slide Piece,Yamaha,Yamaha Genuine Parts,2024,February,0
7,Slide Piece,Yamaha,Yamaha Genuine Parts,2024,March,0
7,Slide Piece,Yamaha,Yamaha Genuine Parts,2024,April,1
7,Slide Piece,Yamaha,Yamaha Genuine Parts,2024,May,1
7,Slide Piece,Yamaha,Yamaha Genuine Parts,2024,June,5
7,Slide Piece,Yamaha,Yamaha Genuine Parts,2024,July,6
7,Slide Piece,Yamaha,Yamaha Genuine Parts,2024,August,6
7,Slide Piece,Yamaha,Yamaha Genuine Parts,2024,September,2
7,Slide Piece,Yamaha,Yamaha Genuine Parts,2024,October,1
7,Slide Piece,Yamaha,Yamaha Genuine Parts,2024,November,0
7,Slide Piece,Yamaha,Yamaha Genuine Parts,2024,December,5
7,Slide Piece,Yamaha,Yamaha Genuine Parts,2025,January,7
7,Slide Piece,Yamaha,Yamaha Genuine Parts,2025,February,11
7,Slide Piece,Yamaha,Yamaha Genuine Parts,2025,March,3
7,Slide Piece,Yamaha,Yamaha Genuine Parts,2025,April,0
7,Slide Piece,Yamaha,Yamaha Genuine Parts,2025,May,3
7,Slide Piece,Yamaha,Yamaha Genuine Parts,2025,June,0
7,Slide Piece,Yamaha,Yamaha Genuine Parts,2025,July,0
7,Slide Piece,Yamaha,Yamaha Genuine Parts,2025,August,3
7,Slide Piece,Yamaha,Yamaha Genuine Parts,2025,September,3
7,Slide Piece,Yamaha,Yamaha Genuine Parts,2025,October,3
7,Slide Piece,Yamaha,Yamaha Genuine Parts,2025,November,3
7,Slide Piece,Yamaha,Yamaha Genuine Parts,2025,December,0
7,Slide Piece,Yamaha,Yamaha Genuine Parts,2026,January,18
7,Slide Piece,Yamaha,Yamaha Genuine Parts,2026,February,17
7,Slide Piece,Yamaha,Yamaha Genuine Parts,2026,March,12
7,Slide Piece,Yamaha,Yamaha Genuine Parts,2026,April,18
7,Slide Piece,Yamaha,Yamaha Genuine Parts,2026,May,6
8,JVT Fly Ball (NMAX),JVT,Racing Parts,2023,January,0
8,JVT Fly Ball (NMAX),JVT,Racing Parts,2023,February,0
8,JVT Fly Ball (NMAX),JVT,Racing Parts,2023,March,1
8,JVT Fly Ball (NMAX),JVT,Racing Parts,2023,April,0
8,JVT Fly Ball (NMAX),JVT,Racing Parts,2023,May,0
8,JVT Fly Ball (NMAX),JVT,Racing Parts,2023,June,0
8,JVT Fly Ball (NMAX),JVT,Racing Parts,2023,July,0
8,JVT Fly Ball (NMAX),JVT,Racing Parts,2023,August,0
8,JVT Fly Ball (NMAX),JVT,Racing Parts,2023,September,1
8,JVT Fly Ball (NMAX),JVT,Racing Parts,2023,October,0
8,JVT Fly Ball (NMAX),JVT,Racing Parts,2023,November,0
8,JVT Fly Ball (NMAX),JVT,Racing Parts,2023,December,0
8,JVT Fly Ball (NMAX),JVT,Racing Parts,2024,January,4
8,JVT Fly Ball (NMAX),JVT,Racing Parts,2024,February,2
8,JVT Fly Ball (NMAX),JVT,Racing Parts,2024,March,4
8,JVT Fly Ball (NMAX),JVT,Racing Parts,2024,April,0
8,JVT Fly Ball (NMAX),JVT,Racing Parts,2024,May,6
8,JVT Fly Ball (NMAX),JVT,Racing Parts,2024,June,6
8,JVT Fly Ball (NMAX),JVT,Racing Parts,2024,July,4
8,JVT Fly Ball (NMAX),JVT,Racing Parts,2024,August,9
8,JVT Fly Ball (NMAX),JVT,Racing Parts,2024,September,4
8,JVT Fly Ball (NMAX),JVT,Racing Parts,2024,October,3
8,JVT Fly Ball (NMAX),JVT,Racing Parts,2024,November,3
8,JVT Fly Ball (NMAX),JVT,Racing Parts,2024,December,8
8,JVT Fly Ball (NMAX),JVT,Racing Parts,2025,January,10
8,JVT Fly Ball (NMAX),JVT,Racing Parts,2025,February,18
8,JVT Fly Ball (NMAX),JVT,Racing Parts,2025,March,7
8,JVT Fly Ball (NMAX),JVT,Racing Parts,2025,April,10
8,JVT Fly Ball (NMAX),JVT,Racing Parts,2025,May,6
8,JVT Fly Ball (NMAX),JVT,Racing Parts,2025,June,12
8,JVT Fly Ball (NMAX),JVT,Racing Parts,2025,July,5
8,JVT Fly Ball (NMAX),JVT,Racing Parts,2025,August,13
8,JVT Fly Ball (NMAX),JVT,Racing Parts,2025,September,5
8,JVT Fly Ball (NMAX),JVT,Racing Parts,2025,October,20
8,JVT Fly Ball (NMAX),JVT,Racing Parts,2025,November,27
8,JVT Fly Ball (NMAX),JVT,Racing Parts,2025,December,11
8,JVT Fly Ball (NMAX),JVT,Racing Parts,2026,January,13
8,JVT Fly Ball (NMAX),JVT,Racing Parts,2026,February,17
8,JVT Fly Ball (NMAX),JVT,Racing Parts,2026,March,11
8,JVT Fly Ball (NMAX),JVT,Racing Parts,2026,April,11
8,JVT Fly Ball (NMAX),JVT,Racing Parts,2026,May,6
9,Motul Scooter 1L,Motul,Maintenance,2023,January,0
9,Motul Scooter 1L,Motul,Maintenance,2023,February,0
9,Motul Scooter 1L,Motul,Maintenance,2023,March,2
9,Motul Scooter 1L,Motul,Maintenance,2023,April,0
9,Motul Scooter 1L,Motul,Maintenance,2023,May,0
9,Motul Scooter 1L,Motul,Maintenance,2023,June,0
9,Motul Scooter 1L,Motul,Maintenance,2023,July,3
9,Motul Scooter 1L,Motul,Maintenance,2023,August,1
9,Motul Scooter 1L,Motul,Maintenance,2023,September,0
9,Motul Scooter 1L,Motul,Maintenance,2023,October,0
9,Motul Scooter 1L,Motul,Maintenance,2023,November,1
9,Motul Scooter 1L,Motul,Maintenance,2023,December,0
9,Motul Scooter 1L,Motul,Maintenance,2024,January,1
9,Motul Scooter 1L,Motul,Maintenance,2024,February,6
9,Motul Scooter 1L,Motul,Maintenance,2024,March,11
9,Motul Scooter 1L,Motul,Maintenance,2024,April,0
9,Motul Scooter 1L,Motul,Maintenance,2024,May,5
9,Motul Scooter 1L,Motul,Maintenance,2024,June,3
9,Motul Scooter 1L,Motul,Maintenance,2024,July,7
9,Motul Scooter 1L,Motul,Maintenance,2024,August,7
9,Motul Scooter 1L,Motul,Maintenance,2024,September,5
9,Motul Scooter 1L,Motul,Maintenance,2024,October,4
9,Motul Scooter 1L,Motul,Maintenance,2024,November,18
9,Motul Scooter 1L,Motul,Maintenance,2024,December,4
9,Motul Scooter 1L,Motul,Maintenance,2025,January,22
9,Motul Scooter 1L,Motul,Maintenance,2025,February,9
9,Motul Scooter 1L,Motul,Maintenance,2025,March,21
9,Motul Scooter 1L,Motul,Maintenance,2025,April,19
9,Motul Scooter 1L,Motul,Maintenance,2025,May,14
9,Motul Scooter 1L,Motul,Maintenance,2025,June,24
9,Motul Scooter 1L,Motul,Maintenance,2025,July,15
9,Motul Scooter 1L,Motul,Maintenance,2025,August,13
9,Motul Scooter 1L,Motul,Maintenance,2025,September,11
9,Motul Scooter 1L,Motul,Maintenance,2025,October,9
9,Motul Scooter 1L,Motul,Maintenance,2025,November,17
9,Motul Scooter 1L,Motul,Maintenance,2025,December,13
9,Motul Scooter 1L,Motul,Maintenance,2026,January,12
9,Motul Scooter 1L,Motul,Maintenance,2026,February,18
9,Motul Scooter 1L,Motul,Maintenance,2026,March,12
9,Motul Scooter 1L,Motul,Maintenance,2026,April,8
9,Motul Scooter 1L,Motul,Maintenance,2026,May,7
10,JVT Clutch Spring,JVT,Racing Parts,2023,January,0
10,JVT Clutch Spring,JVT,Racing Parts,2023,February,3
10,JVT Clutch Spring,JVT,Racing Parts,2023,March,7
10,JVT Clutch Spring,JVT,Racing Parts,2023,April,2
10,JVT Clutch Spring,JVT,Racing Parts,2023,May,4
10,JVT Clutch Spring,JVT,Racing Parts,2023,June,1
10,JVT Clutch Spring,JVT,Racing Parts,2023,July,1
10,JVT Clutch Spring,JVT,Racing Parts,2023,August,1
10,JVT Clutch Spring,JVT,Racing Parts,2023,September,5
10,JVT Clutch Spring,JVT,Racing Parts,2023,October,4
10,JVT Clutch Spring,JVT,Racing Parts,2023,November,12
10,JVT Clutch Spring,JVT,Racing Parts,2023,December,12
10,JVT Clutch Spring,JVT,Racing Parts,2024,January,3
10,JVT Clutch Spring,JVT,Racing Parts,2024,February,4
10,JVT Clutch Spring,JVT,Racing Parts,2024,March,5
10,JVT Clutch Spring,JVT,Racing Parts,2024,April,1
10,JVT Clutch Spring,JVT,Racing Parts,2024,May,3
10,JVT Clutch Spring,JVT,Racing Parts,2024,June,7
10,JVT Clutch Spring,JVT,Racing Parts,2024,July,6
10,JVT Clutch Spring,JVT,Racing Parts,2024,August,7
10,JVT Clutch Spring,JVT,Racing Parts,2024,September,4
10,JVT Clutch Spring,JVT,Racing Parts,2024,October,2
10,JVT Clutch Spring,JVT,Racing Parts,2024,November,6
10,JVT Clutch Spring,JVT,Racing Parts,2024,December,6
10,JVT Clutch Spring,JVT,Racing Parts,2025,January,18
10,JVT Clutch Spring,JVT,Racing Parts,2025,February,17
10,JVT Clutch Spring,JVT,Racing Parts,2025,March,10
10,JVT Clutch Spring,JVT,Racing Parts,2025,April,11
10,JVT Clutch Spring,JVT,Racing Parts,2025,May,12
10,JVT Clutch Spring,JVT,Racing Parts,2025,June,16
10,JVT Clutch Spring,JVT,Racing Parts,2025,July,10
10,JVT Clutch Spring,JVT,Racing Parts,2025,August,20
10,JVT Clutch Spring,JVT,Racing Parts,2025,September,7
10,JVT Clutch Spring,JVT,Racing Parts,2025,October,12
10,JVT Clutch Spring,JVT,Racing Parts,2025,November,18
10,JVT Clutch Spring,JVT,Racing Parts,2025,December,21
10,JVT Clutch Spring,JVT,Racing Parts,2026,January,10
10,JVT Clutch Spring,JVT,Racing Parts,2026,February,17
10,JVT Clutch Spring,JVT,Racing Parts,2026,March,14
10,JVT Clutch Spring,JVT,Racing Parts,2026,April,10
10,JVT Clutch Spring,JVT,Racing Parts,2026,May,5
11,Yamaha Coolant,Yamaha,Maintenance,2023,January,0
11,Yamaha Coolant,Yamaha,Maintenance,2023,February,0
11,Yamaha Coolant,Yamaha,Maintenance,2023,March,1
11,Yamaha Coolant,Yamaha,Maintenance,2023,April,1
11,Yamaha Coolant,Yamaha,Maintenance,2023,May,2
11,Yamaha Coolant,Yamaha,Maintenance,2023,June,10
11,Yamaha Coolant,Yamaha,Maintenance,2023,July,2
11,Yamaha Coolant,Yamaha,Maintenance,2023,August,7
11,Yamaha Coolant,Yamaha,Maintenance,2023,September,1
11,Yamaha Coolant,Yamaha,Maintenance,2023,October,1
11,Yamaha Coolant,Yamaha,Maintenance,2023,November,3
11,Yamaha Coolant,Yamaha,Maintenance,2023,December,5
11,Yamaha Coolant,Yamaha,Maintenance,2024,January,3
11,Yamaha Coolant,Yamaha,Maintenance,2024,February,3
11,Yamaha Coolant,Yamaha,Maintenance,2024,March,4
11,Yamaha Coolant,Yamaha,Maintenance,2024,April,1
11,Yamaha Coolant,Yamaha,Maintenance,2024,May,7
11,Yamaha Coolant,Yamaha,Maintenance,2024,June,4
11,Yamaha Coolant,Yamaha,Maintenance,2024,July,3
11,Yamaha Coolant,Yamaha,Maintenance,2024,August,6
11,Yamaha Coolant,Yamaha,Maintenance,2024,September,2
11,Yamaha Coolant,Yamaha,Maintenance,2024,October,2
11,Yamaha Coolant,Yamaha,Maintenance,2024,November,4
11,Yamaha Coolant,Yamaha,Maintenance,2024,December,5
11,Yamaha Coolant,Yamaha,Maintenance,2025,January,15
11,Yamaha Coolant,Yamaha,Maintenance,2025,February,5
11,Yamaha Coolant,Yamaha,Maintenance,2025,March,16
11,Yamaha Coolant,Yamaha,Maintenance,2025,April,15
11,Yamaha Coolant,Yamaha,Maintenance,2025,May,13
11,Yamaha Coolant,Yamaha,Maintenance,2025,June,5
11,Yamaha Coolant,Yamaha,Maintenance,2025,July,6
11,Yamaha Coolant,Yamaha,Maintenance,2025,August,13
11,Yamaha Coolant,Yamaha,Maintenance,2025,September,15
11,Yamaha Coolant,Yamaha,Maintenance,2025,October,15
11,Yamaha Coolant,Yamaha,Maintenance,2025,November,14
11,Yamaha Coolant,Yamaha,Maintenance,2025,December,14
11,Yamaha Coolant,Yamaha,Maintenance,2026,January,17
11,Yamaha Coolant,Yamaha,Maintenance,2026,February,13
11,Yamaha Coolant,Yamaha,Maintenance,2026,March,9
11,Yamaha Coolant,Yamaha,Maintenance,2026,April,8
11,Yamaha Coolant,Yamaha,Maintenance,2026,May,9
12,JVT Center Spring,JVT,Racing Parts,2023,January,3
12,JVT Center Spring,JVT,Racing Parts,2023,February,1
12,JVT Center Spring,JVT,Racing Parts,2023,March,11
12,JVT Center Spring,JVT,Racing Parts,2023,April,4
12,JVT Center Spring,JVT,Racing Parts,2023,May,4
12,JVT Center Spring,JVT,Racing Parts,2023,June,5
12,JVT Center Spring,JVT,Racing Parts,2023,July,2
12,JVT Center Spring,JVT,Racing Parts,2023,August,4
12,JVT Center Spring,JVT,Racing Parts,2023,September,11
12,JVT Center Spring,JVT,Racing Parts,2023,October,3
12,JVT Center Spring,JVT,Racing Parts,2023,November,7
12,JVT Center Spring,JVT,Racing Parts,2023,December,13
12,JVT Center Spring,JVT,Racing Parts,2024,January,4
12,JVT Center Spring,JVT,Racing Parts,2024,February,6
12,JVT Center Spring,JVT,Racing Parts,2024,March,6
12,JVT Center Spring,JVT,Racing Parts,2024,April,1
12,JVT Center Spring,JVT,Racing Parts,2024,May,6
12,JVT Center Spring,JVT,Racing Parts,2024,June,6
12,JVT Center Spring,JVT,Racing Parts,2024,July,6
12,JVT Center Spring,JVT,Racing Parts,2024,August,7
12,JVT Center Spring,JVT,Racing Parts,2024,September,11
12,JVT Center Spring,JVT,Racing Parts,2024,October,3
12,JVT Center Spring,JVT,Racing Parts,2024,November,10
12,JVT Center Spring,JVT,Racing Parts,2024,December,7
12,JVT Center Spring,JVT,Racing Parts,2025,January,17
12,JVT Center Spring,JVT,Racing Parts,2025,February,27
12,JVT Center Spring,JVT,Racing Parts,2025,March,14
12,JVT Center Spring,JVT,Racing Parts,2025,April,13
12,JVT Center Spring,JVT,Racing Parts,2025,May,7
12,JVT Center Spring,JVT,Racing Parts,2025,June,13
12,JVT Center Spring,JVT,Racing Parts,2025,July,10
12,JVT Center Spring,JVT,Racing Parts,2025,August,18
12,JVT Center Spring,JVT,Racing Parts,2025,September,5
12,JVT Center Spring,JVT,Racing Parts,2025,October,13
12,JVT Center Spring,JVT,Racing Parts,2025,November,10
12,JVT Center Spring,JVT,Racing Parts,2025,December,12
12,JVT Center Spring,JVT,Racing Parts,2026,January,8
12,JVT Center Spring,JVT,Racing Parts,2026,February,11
12,JVT Center Spring,JVT,Racing Parts,2026,March,13
12,JVT Center Spring,JVT,Racing Parts,2026,April,12
12,JVT Center Spring,JVT,Racing Parts,2026,May,8
13,2dp Belt,Yamaha,Yamaha Genuine Parts,2023,January,11
13,2dp Belt,Yamaha,Yamaha Genuine Parts,2023,February,5
13,2dp Belt,Yamaha,Yamaha Genuine Parts,2023,March,7
13,2dp Belt,Yamaha,Yamaha Genuine Parts,2023,April,1
13,2dp Belt,Yamaha,Yamaha Genuine Parts,2023,May,3
13,2dp Belt,Yamaha,Yamaha Genuine Parts,2023,June,3
13,2dp Belt,Yamaha,Yamaha Genuine Parts,2023,July,2
13,2dp Belt,Yamaha,Yamaha Genuine Parts,2023,August,3
13,2dp Belt,Yamaha,Yamaha Genuine Parts,2023,September,4
13,2dp Belt,Yamaha,Yamaha Genuine Parts,2023,October,8
13,2dp Belt,Yamaha,Yamaha Genuine Parts,2023,November,5
13,2dp Belt,Yamaha,Yamaha Genuine Parts,2023,December,8
13,2dp Belt,Yamaha,Yamaha Genuine Parts,2024,January,4
13,2dp Belt,Yamaha,Yamaha Genuine Parts,2024,February,2
13,2dp Belt,Yamaha,Yamaha Genuine Parts,2024,March,6
13,2dp Belt,Yamaha,Yamaha Genuine Parts,2024,April,1
13,2dp Belt,Yamaha,Yamaha Genuine Parts,2024,May,7
13,2dp Belt,Yamaha,Yamaha Genuine Parts,2024,June,0
13,2dp Belt,Yamaha,Yamaha Genuine Parts,2024,July,2
13,2dp Belt,Yamaha,Yamaha Genuine Parts,2024,August,6
13,2dp Belt,Yamaha,Yamaha Genuine Parts,2024,September,5
13,2dp Belt,Yamaha,Yamaha Genuine Parts,2024,October,2
13,2dp Belt,Yamaha,Yamaha Genuine Parts,2024,November,6
13,2dp Belt,Yamaha,Yamaha Genuine Parts,2024,December,4
13,2dp Belt,Yamaha,Yamaha Genuine Parts,2025,January,6
13,2dp Belt,Yamaha,Yamaha Genuine Parts,2025,February,10
13,2dp Belt,Yamaha,Yamaha Genuine Parts,2025,March,12
13,2dp Belt,Yamaha,Yamaha Genuine Parts,2025,April,10
13,2dp Belt,Yamaha,Yamaha Genuine Parts,2025,May,3
13,2dp Belt,Yamaha,Yamaha Genuine Parts,2025,June,5
13,2dp Belt,Yamaha,Yamaha Genuine Parts,2025,July,3
13,2dp Belt,Yamaha,Yamaha Genuine Parts,2025,August,7
13,2dp Belt,Yamaha,Yamaha Genuine Parts,2025,September,5
13,2dp Belt,Yamaha,Yamaha Genuine Parts,2025,October,17
13,2dp Belt,Yamaha,Yamaha Genuine Parts,2025,November,10
13,2dp Belt,Yamaha,Yamaha Genuine Parts,2025,December,4
13,2dp Belt,Yamaha,Yamaha Genuine Parts,2026,January,11
13,2dp Belt,Yamaha,Yamaha Genuine Parts,2026,February,11
13,2dp Belt,Yamaha,Yamaha Genuine Parts,2026,March,9
13,2dp Belt,Yamaha,Yamaha Genuine Parts,2026,April,9
13,2dp Belt,Yamaha,Yamaha Genuine Parts,2026,May,1
14,Honda Gear Oil,Honda,Maintenance,2023,January,5
14,Honda Gear Oil,Honda,Maintenance,2023,February,2
14,Honda Gear Oil,Honda,Maintenance,2023,March,5
14,Honda Gear Oil,Honda,Maintenance,2023,April,4
14,Honda Gear Oil,Honda,Maintenance,2023,May,7
14,Honda Gear Oil,Honda,Maintenance,2023,June,5
14,Honda Gear Oil,Honda,Maintenance,2023,July,7
14,Honda Gear Oil,Honda,Maintenance,2023,August,5
14,Honda Gear Oil,Honda,Maintenance,2023,September,2
14,Honda Gear Oil,Honda,Maintenance,2023,October,3
14,Honda Gear Oil,Honda,Maintenance,2023,November,5
14,Honda Gear Oil,Honda,Maintenance,2023,December,7
14,Honda Gear Oil,Honda,Maintenance,2024,January,2
14,Honda Gear Oil,Honda,Maintenance,2024,February,1
14,Honda Gear Oil,Honda,Maintenance,2024,March,3
14,Honda Gear Oil,Honda,Maintenance,2024,April,1
14,Honda Gear Oil,Honda,Maintenance,2024,May,2
14,Honda Gear Oil,Honda,Maintenance,2024,June,1
14,Honda Gear Oil,Honda,Maintenance,2024,July,3
14,Honda Gear Oil,Honda,Maintenance,2024,August,4
14,Honda Gear Oil,Honda,Maintenance,2024,September,9
14,Honda Gear Oil,Honda,Maintenance,2024,October,1
14,Honda Gear Oil,Honda,Maintenance,2024,November,3
14,Honda Gear Oil,Honda,Maintenance,2024,December,2
14,Honda Gear Oil,Honda,Maintenance,2025,January,24
14,Honda Gear Oil,Honda,Maintenance,2025,February,13
14,Honda Gear Oil,Honda,Maintenance,2025,March,5
14,Honda Gear Oil,Honda,Maintenance,2025,April,6
14,Honda Gear Oil,Honda,Maintenance,2025,May,9
14,Honda Gear Oil,Honda,Maintenance,2025,June,6
14,Honda Gear Oil,Honda,Maintenance,2025,July,6
14,Honda Gear Oil,Honda,Maintenance,2025,August,5
14,Honda Gear Oil,Honda,Maintenance,2025,September,6
14,Honda Gear Oil,Honda,Maintenance,2025,October,7
14,Honda Gear Oil,Honda,Maintenance,2025,November,7
14,Honda Gear Oil,Honda,Maintenance,2025,December,18
14,Honda Gear Oil,Honda,Maintenance,2026,January,6
14,Honda Gear Oil,Honda,Maintenance,2026,February,12
14,Honda Gear Oil,Honda,Maintenance,2026,March,7
14,Honda Gear Oil,Honda,Maintenance,2026,April,12
14,Honda Gear Oil,Honda,Maintenance,2026,May,4
15,Fork Oil,Lubrigold,Maintenance,2023,January,3
15,Fork Oil,Lubrigold,Maintenance,2023,February,10
15,Fork Oil,Lubrigold,Maintenance,2023,March,12
15,Fork Oil,Lubrigold,Maintenance,2023,April,8
15,Fork Oil,Lubrigold,Maintenance,2023,May,1
15,Fork Oil,Lubrigold,Maintenance,2023,June,0
15,Fork Oil,Lubrigold,Maintenance,2023,July,3
15,Fork Oil,Lubrigold,Maintenance,2023,August,4
15,Fork Oil,Lubrigold,Maintenance,2023,September,3
15,Fork Oil,Lubrigold,Maintenance,2023,October,2
15,Fork Oil,Lubrigold,Maintenance,2023,November,3
15,Fork Oil,Lubrigold,Maintenance,2023,December,3
15,Fork Oil,Lubrigold,Maintenance,2024,January,2
15,Fork Oil,Lubrigold,Maintenance,2024,February,5
15,Fork Oil,Lubrigold,Maintenance,2024,March,6
15,Fork Oil,Lubrigold,Maintenance,2024,April,1
15,Fork Oil,Lubrigold,Maintenance,2024,May,2
15,Fork Oil,Lubrigold,Maintenance,2024,June,1
15,Fork Oil,Lubrigold,Maintenance,2024,July,3
15,Fork Oil,Lubrigold,Maintenance,2024,August,7
15,Fork Oil,Lubrigold,Maintenance,2024,September,2
15,Fork Oil,Lubrigold,Maintenance,2024,October,1
15,Fork Oil,Lubrigold,Maintenance,2024,November,5
15,Fork Oil,Lubrigold,Maintenance,2024,December,6
15,Fork Oil,Lubrigold,Maintenance,2025,January,3
15,Fork Oil,Lubrigold,Maintenance,2025,February,10
15,Fork Oil,Lubrigold,Maintenance,2025,March,10
15,Fork Oil,Lubrigold,Maintenance,2025,April,9
15,Fork Oil,Lubrigold,Maintenance,2025,May,7
15,Fork Oil,Lubrigold,Maintenance,2025,June,10
15,Fork Oil,Lubrigold,Maintenance,2025,July,5
15,Fork Oil,Lubrigold,Maintenance,2025,August,7
15,Fork Oil,Lubrigold,Maintenance,2025,September,4
15,Fork Oil,Lubrigold,Maintenance,2025,October,4
15,Fork Oil,Lubrigold,Maintenance,2025,November,7
15,Fork Oil,Lubrigold,Maintenance,2025,December,6
15,Fork Oil,Lubrigold,Maintenance,2026,January,8
15,Fork Oil,Lubrigold,Maintenance,2026,February,9
15,Fork Oil,Lubrigold,Maintenance,2026,March,13
15,Fork Oil,Lubrigold,Maintenance,2026,April,3
15,Fork Oil,Lubrigold,Maintenance,2026,May,6
16,CPR8 Sparkplug,Yamaha,Yamaha Genuine Parts,2023,January,1
16,CPR8 Sparkplug,Yamaha,Yamaha Genuine Parts,2023,February,3
16,CPR8 Sparkplug,Yamaha,Yamaha Genuine Parts,2023,March,3
16,CPR8 Sparkplug,Yamaha,Yamaha Genuine Parts,2023,April,0
16,CPR8 Sparkplug,Yamaha,Yamaha Genuine Parts,2023,May,0
16,CPR8 Sparkplug,Yamaha,Yamaha Genuine Parts,2023,June,2
16,CPR8 Sparkplug,Yamaha,Yamaha Genuine Parts,2023,July,1
16,CPR8 Sparkplug,Yamaha,Yamaha Genuine Parts,2023,August,3
16,CPR8 Sparkplug,Yamaha,Yamaha Genuine Parts,2023,September,1
16,CPR8 Sparkplug,Yamaha,Yamaha Genuine Parts,2023,October,0
16,CPR8 Sparkplug,Yamaha,Yamaha Genuine Parts,2023,November,1
16,CPR8 Sparkplug,Yamaha,Yamaha Genuine Parts,2023,December,4
16,CPR8 Sparkplug,Yamaha,Yamaha Genuine Parts,2024,January,1
16,CPR8 Sparkplug,Yamaha,Yamaha Genuine Parts,2024,February,0
16,CPR8 Sparkplug,Yamaha,Yamaha Genuine Parts,2024,March,4
16,CPR8 Sparkplug,Yamaha,Yamaha Genuine Parts,2024,April,1
16,CPR8 Sparkplug,Yamaha,Yamaha Genuine Parts,2024,May,2
16,CPR8 Sparkplug,Yamaha,Yamaha Genuine Parts,2024,June,0
16,CPR8 Sparkplug,Yamaha,Yamaha Genuine Parts,2024,July,3
16,CPR8 Sparkplug,Yamaha,Yamaha Genuine Parts,2024,August,3
16,CPR8 Sparkplug,Yamaha,Yamaha Genuine Parts,2024,September,2
16,CPR8 Sparkplug,Yamaha,Yamaha Genuine Parts,2024,October,5
16,CPR8 Sparkplug,Yamaha,Yamaha Genuine Parts,2024,November,3
16,CPR8 Sparkplug,Yamaha,Yamaha Genuine Parts,2024,December,3
16,CPR8 Sparkplug,Yamaha,Yamaha Genuine Parts,2025,January,4
16,CPR8 Sparkplug,Yamaha,Yamaha Genuine Parts,2025,February,7
16,CPR8 Sparkplug,Yamaha,Yamaha Genuine Parts,2025,March,1
16,CPR8 Sparkplug,Yamaha,Yamaha Genuine Parts,2025,April,2
16,CPR8 Sparkplug,Yamaha,Yamaha Genuine Parts,2025,May,1
16,CPR8 Sparkplug,Yamaha,Yamaha Genuine Parts,2025,June,2
16,CPR8 Sparkplug,Yamaha,Yamaha Genuine Parts,2025,July,8
16,CPR8 Sparkplug,Yamaha,Yamaha Genuine Parts,2025,August,2
16,CPR8 Sparkplug,Yamaha,Yamaha Genuine Parts,2025,September,1
16,CPR8 Sparkplug,Yamaha,Yamaha Genuine Parts,2025,October,3
16,CPR8 Sparkplug,Yamaha,Yamaha Genuine Parts,2025,November,5
16,CPR8 Sparkplug,Yamaha,Yamaha Genuine Parts,2025,December,3
16,CPR8 Sparkplug,Yamaha,Yamaha Genuine Parts,2026,January,7
16,CPR8 Sparkplug,Yamaha,Yamaha Genuine Parts,2026,February,10
16,CPR8 Sparkplug,Yamaha,Yamaha Genuine Parts,2026,March,6
16,CPR8 Sparkplug,Yamaha,Yamaha Genuine Parts,2026,April,6
16,CPR8 Sparkplug,Yamaha,Yamaha Genuine Parts,2026,May,6
17,Pertua Powerhorse,Pertua,Maintenance,2023,January,0
17,Pertua Powerhorse,Pertua,Maintenance,2023,February,0
17,Pertua Powerhorse,Pertua,Maintenance,2023,March,0
17,Pertua Powerhorse,Pertua,Maintenance,2023,April,0
17,Pertua Powerhorse,Pertua,Maintenance,2023,May,0
17,Pertua Powerhorse,Pertua,Maintenance,2023,June,0
17,Pertua Powerhorse,Pertua,Maintenance,2023,July,0
17,Pertua Powerhorse,Pertua,Maintenance,2023,August,0
17,Pertua Powerhorse,Pertua,Maintenance,2023,September,0
17,Pertua Powerhorse,Pertua,Maintenance,2023,October,0
17,Pertua Powerhorse,Pertua,Maintenance,2023,November,0
17,Pertua Powerhorse,Pertua,Maintenance,2023,December,0
17,Pertua Powerhorse,Pertua,Maintenance,2024,January,0
17,Pertua Powerhorse,Pertua,Maintenance,2024,February,1
17,Pertua Powerhorse,Pertua,Maintenance,2024,March,0
17,Pertua Powerhorse,Pertua,Maintenance,2024,April,0
17,Pertua Powerhorse,Pertua,Maintenance,2024,May,0
17,Pertua Powerhorse,Pertua,Maintenance,2024,June,0
17,Pertua Powerhorse,Pertua,Maintenance,2024,July,0
17,Pertua Powerhorse,Pertua,Maintenance,2024,August,0
17,Pertua Powerhorse,Pertua,Maintenance,2024,September,0
17,Pertua Powerhorse,Pertua,Maintenance,2024,October,0
17,Pertua Powerhorse,Pertua,Maintenance,2024,November,0
17,Pertua Powerhorse,Pertua,Maintenance,2024,December,0
17,Pertua Powerhorse,Pertua,Maintenance,2025,January,0
17,Pertua Powerhorse,Pertua,Maintenance,2025,February,0
17,Pertua Powerhorse,Pertua,Maintenance,2025,March,0
17,Pertua Powerhorse,Pertua,Maintenance,2025,April,0
17,Pertua Powerhorse,Pertua,Maintenance,2025,May,0
17,Pertua Powerhorse,Pertua,Maintenance,2025,June,0
17,Pertua Powerhorse,Pertua,Maintenance,2025,July,0
17,Pertua Powerhorse,Pertua,Maintenance,2025,August,0
17,Pertua Powerhorse,Pertua,Maintenance,2025,September,1
17,Pertua Powerhorse,Pertua,Maintenance,2025,October,6
17,Pertua Powerhorse,Pertua,Maintenance,2025,November,6
17,Pertua Powerhorse,Pertua,Maintenance,2025,December,7
17,Pertua Powerhorse,Pertua,Maintenance,2026,January,10
17,Pertua Powerhorse,Pertua,Maintenance,2026,February,5
17,Pertua Powerhorse,Pertua,Maintenance,2026,March,3
17,Pertua Powerhorse,Pertua,Maintenance,2026,April,9
17,Pertua Powerhorse,Pertua,Maintenance,2026,May,3
18,Base Gasket,Honda,Honda Genuine Parts,2023,January,0
18,Base Gasket,Honda,Honda Genuine Parts,2023,February,0
18,Base Gasket,Honda,Honda Genuine Parts,2023,March,0
18,Base Gasket,Honda,Honda Genuine Parts,2023,April,0
18,Base Gasket,Honda,Honda Genuine Parts,2023,May,0
18,Base Gasket,Honda,Honda Genuine Parts,2023,June,0
18,Base Gasket,Honda,Honda Genuine Parts,2023,July,0
18,Base Gasket,Honda,Honda Genuine Parts,2023,August,0
18,Base Gasket,Honda,Honda Genuine Parts,2023,September,0
18,Base Gasket,Honda,Honda Genuine Parts,2023,October,0
18,Base Gasket,Honda,Honda Genuine Parts,2023,November,2
18,Base Gasket,Honda,Honda Genuine Parts,2023,December,0
18,Base Gasket,Honda,Honda Genuine Parts,2024,January,0
18,Base Gasket,Honda,Honda Genuine Parts,2024,February,0
18,Base Gasket,Honda,Honda Genuine Parts,2024,March,0
18,Base Gasket,Honda,Honda Genuine Parts,2024,April,0
18,Base Gasket,Honda,Honda Genuine Parts,2024,May,0
18,Base Gasket,Honda,Honda Genuine Parts,2024,June,0
18,Base Gasket,Honda,Honda Genuine Parts,2024,July,0
18,Base Gasket,Honda,Honda Genuine Parts,2024,August,1
18,Base Gasket,Honda,Honda Genuine Parts,2024,September,0
18,Base Gasket,Honda,Honda Genuine Parts,2024,October,0
18,Base Gasket,Honda,Honda Genuine Parts,2024,November,1
18,Base Gasket,Honda,Honda Genuine Parts,2024,December,0
18,Base Gasket,Honda,Honda Genuine Parts,2025,January,4
18,Base Gasket,Honda,Honda Genuine Parts,2025,February,0
18,Base Gasket,Honda,Honda Genuine Parts,2025,March,0
18,Base Gasket,Honda,Honda Genuine Parts,2025,April,1
18,Base Gasket,Honda,Honda Genuine Parts,2025,May,2
18,Base Gasket,Honda,Honda Genuine Parts,2025,June,0
18,Base Gasket,Honda,Honda Genuine Parts,2025,July,1
18,Base Gasket,Honda,Honda Genuine Parts,2025,August,8
18,Base Gasket,Honda,Honda Genuine Parts,2025,September,0
18,Base Gasket,Honda,Honda Genuine Parts,2025,October,0
18,Base Gasket,Honda,Honda Genuine Parts,2025,November,5
18,Base Gasket,Honda,Honda Genuine Parts,2025,December,9
18,Base Gasket,Honda,Honda Genuine Parts,2026,January,9
18,Base Gasket,Honda,Honda Genuine Parts,2026,February,8
18,Base Gasket,Honda,Honda Genuine Parts,2026,March,2
18,Base Gasket,Honda,Honda Genuine Parts,2026,April,5
18,Base Gasket,Honda,Honda Genuine Parts,2026,May,2
19,JVT Gear Oil,JVT,Maintenance,2023,January,1
19,JVT Gear Oil,JVT,Maintenance,2023,February,0
19,JVT Gear Oil,JVT,Maintenance,2023,March,2
19,JVT Gear Oil,JVT,Maintenance,2023,April,0
19,JVT Gear Oil,JVT,Maintenance,2023,May,0
19,JVT Gear Oil,JVT,Maintenance,2023,June,0
19,JVT Gear Oil,JVT,Maintenance,2023,July,0
19,JVT Gear Oil,JVT,Maintenance,2023,August,0
19,JVT Gear Oil,JVT,Maintenance,2023,September,0
19,JVT Gear Oil,JVT,Maintenance,2023,October,0
19,JVT Gear Oil,JVT,Maintenance,2023,November,2
19,JVT Gear Oil,JVT,Maintenance,2023,December,0
19,JVT Gear Oil,JVT,Maintenance,2024,January,1
19,JVT Gear Oil,JVT,Maintenance,2024,February,0
19,JVT Gear Oil,JVT,Maintenance,2024,March,0
19,JVT Gear Oil,JVT,Maintenance,2024,April,0
19,JVT Gear Oil,JVT,Maintenance,2024,May,0
19,JVT Gear Oil,JVT,Maintenance,2024,June,0
19,JVT Gear Oil,JVT,Maintenance,2024,July,0
19,JVT Gear Oil,JVT,Maintenance,2024,August,0
19,JVT Gear Oil,JVT,Maintenance,2024,September,0
19,JVT Gear Oil,JVT,Maintenance,2024,October,0
19,JVT Gear Oil,JVT,Maintenance,2024,November,0
19,JVT Gear Oil,JVT,Maintenance,2024,December,2
19,JVT Gear Oil,JVT,Maintenance,2025,January,4
19,JVT Gear Oil,JVT,Maintenance,2025,February,6
19,JVT Gear Oil,JVT,Maintenance,2025,March,7
19,JVT Gear Oil,JVT,Maintenance,2025,April,5
19,JVT Gear Oil,JVT,Maintenance,2025,May,4
19,JVT Gear Oil,JVT,Maintenance,2025,June,0
19,JVT Gear Oil,JVT,Maintenance,2025,July,2
19,JVT Gear Oil,JVT,Maintenance,2025,August,0
19,JVT Gear Oil,JVT,Maintenance,2025,September,5
19,JVT Gear Oil,JVT,Maintenance,2025,October,7
19,JVT Gear Oil,JVT,Maintenance,2025,November,4
19,JVT Gear Oil,JVT,Maintenance,2025,December,19
19,JVT Gear Oil,JVT,Maintenance,2026,January,7
19,JVT Gear Oil,JVT,Maintenance,2026,February,10
19,JVT Gear Oil,JVT,Maintenance,2026,March,5
19,JVT Gear Oil,JVT,Maintenance,2026,April,0
19,JVT Gear Oil,JVT,Maintenance,2026,May,4
20,Pertua PowerMatic 1L,Pertua,Maintenance,2023,January,0
20,Pertua PowerMatic 1L,Pertua,Maintenance,2023,February,0
20,Pertua PowerMatic 1L,Pertua,Maintenance,2023,March,0
20,Pertua PowerMatic 1L,Pertua,Maintenance,2023,April,0
20,Pertua PowerMatic 1L,Pertua,Maintenance,2023,May,0
20,Pertua PowerMatic 1L,Pertua,Maintenance,2023,June,0
20,Pertua PowerMatic 1L,Pertua,Maintenance,2023,July,0
20,Pertua PowerMatic 1L,Pertua,Maintenance,2023,August,0
20,Pertua PowerMatic 1L,Pertua,Maintenance,2023,September,0
20,Pertua PowerMatic 1L,Pertua,Maintenance,2023,October,0
20,Pertua PowerMatic 1L,Pertua,Maintenance,2023,November,0
20,Pertua PowerMatic 1L,Pertua,Maintenance,2023,December,0
20,Pertua PowerMatic 1L,Pertua,Maintenance,2024,January,0
20,Pertua PowerMatic 1L,Pertua,Maintenance,2024,February,0
20,Pertua PowerMatic 1L,Pertua,Maintenance,2024,March,0
20,Pertua PowerMatic 1L,Pertua,Maintenance,2024,April,0
20,Pertua PowerMatic 1L,Pertua,Maintenance,2024,May,0
20,Pertua PowerMatic 1L,Pertua,Maintenance,2024,June,0
20,Pertua PowerMatic 1L,Pertua,Maintenance,2024,July,0
20,Pertua PowerMatic 1L,Pertua,Maintenance,2024,August,0
20,Pertua PowerMatic 1L,Pertua,Maintenance,2024,September,0
20,Pertua PowerMatic 1L,Pertua,Maintenance,2024,October,0
20,Pertua PowerMatic 1L,Pertua,Maintenance,2024,November,0
20,Pertua PowerMatic 1L,Pertua,Maintenance,2024,December,0
20,Pertua PowerMatic 1L,Pertua,Maintenance,2025,January,0
20,Pertua PowerMatic 1L,Pertua,Maintenance,2025,February,0
20,Pertua PowerMatic 1L,Pertua,Maintenance,2025,March,0
20,Pertua PowerMatic 1L,Pertua,Maintenance,2025,April,0
20,Pertua PowerMatic 1L,Pertua,Maintenance,2025,May,0
20,Pertua PowerMatic 1L,Pertua,Maintenance,2025,June,0
20,Pertua PowerMatic 1L,Pertua,Maintenance,2025,July,0
20,Pertua PowerMatic 1L,Pertua,Maintenance,2025,August,0
20,Pertua PowerMatic 1L,Pertua,Maintenance,2025,September,0
20,Pertua PowerMatic 1L,Pertua,Maintenance,2025,October,2
20,Pertua PowerMatic 1L,Pertua,Maintenance,2025,November,3
20,Pertua PowerMatic 1L,Pertua,Maintenance,2025,December,1
20,Pertua PowerMatic 1L,Pertua,Maintenance,2026,January,3
20,Pertua PowerMatic 1L,Pertua,Maintenance,2026,February,8
20,Pertua PowerMatic 1L,Pertua,Maintenance,2026,March,4
20,Pertua PowerMatic 1L,Pertua,Maintenance,2026,April,3
20,Pertua PowerMatic 1L,Pertua,Maintenance,2026,May,4
21,RCB Brake Pad,Racing Boy,Maintenance,2023,January,0
21,RCB Brake Pad,Racing Boy,Maintenance,2023,February,0
21,RCB Brake Pad,Racing Boy,Maintenance,2023,March,0
21,RCB Brake Pad,Racing Boy,Maintenance,2023,April,1
21,RCB Brake Pad,Racing Boy,Maintenance,2023,May,0
21,RCB Brake Pad,Racing Boy,Maintenance,2023,June,0
21,RCB Brake Pad,Racing Boy,Maintenance,2023,July,2
21,RCB Brake Pad,Racing Boy,Maintenance,2023,August,0
21,RCB Brake Pad,Racing Boy,Maintenance,2023,September,0
21,RCB Brake Pad,Racing Boy,Maintenance,2023,October,0
21,RCB Brake Pad,Racing Boy,Maintenance,2023,November,1
21,RCB Brake Pad,Racing Boy,Maintenance,2023,December,0
21,RCB Brake Pad,Racing Boy,Maintenance,2024,January,1
21,RCB Brake Pad,Racing Boy,Maintenance,2024,February,0
21,RCB Brake Pad,Racing Boy,Maintenance,2024,March,0
21,RCB Brake Pad,Racing Boy,Maintenance,2024,April,0
21,RCB Brake Pad,Racing Boy,Maintenance,2024,May,1
21,RCB Brake Pad,Racing Boy,Maintenance,2024,June,2
21,RCB Brake Pad,Racing Boy,Maintenance,2024,July,1
21,RCB Brake Pad,Racing Boy,Maintenance,2024,August,1
21,RCB Brake Pad,Racing Boy,Maintenance,2024,September,3
21,RCB Brake Pad,Racing Boy,Maintenance,2024,October,1
21,RCB Brake Pad,Racing Boy,Maintenance,2024,November,3
21,RCB Brake Pad,Racing Boy,Maintenance,2024,December,1
21,RCB Brake Pad,Racing Boy,Maintenance,2025,January,2
21,RCB Brake Pad,Racing Boy,Maintenance,2025,February,6
21,RCB Brake Pad,Racing Boy,Maintenance,2025,March,3
21,RCB Brake Pad,Racing Boy,Maintenance,2025,April,6
21,RCB Brake Pad,Racing Boy,Maintenance,2025,May,3
21,RCB Brake Pad,Racing Boy,Maintenance,2025,June,7
21,RCB Brake Pad,Racing Boy,Maintenance,2025,July,7
21,RCB Brake Pad,Racing Boy,Maintenance,2025,August,3
21,RCB Brake Pad,Racing Boy,Maintenance,2025,September,1
21,RCB Brake Pad,Racing Boy,Maintenance,2025,October,5
21,RCB Brake Pad,Racing Boy,Maintenance,2025,November,3
21,RCB Brake Pad,Racing Boy,Maintenance,2025,December,5
21,RCB Brake Pad,Racing Boy,Maintenance,2026,January,6
21,RCB Brake Pad,Racing Boy,Maintenance,2026,February,8
21,RCB Brake Pad,Racing Boy,Maintenance,2026,March,1
21,RCB Brake Pad,Racing Boy,Maintenance,2026,April,4
21,RCB Brake Pad,Racing Boy,Maintenance,2026,May,3
22,Bosch Relay,Bosch,Maintenance,2023,January,7
22,Bosch Relay,Bosch,Maintenance,2023,February,6
22,Bosch Relay,Bosch,Maintenance,2023,March,7
22,Bosch Relay,Bosch,Maintenance,2023,April,3
22,Bosch Relay,Bosch,Maintenance,2023,May,6
22,Bosch Relay,Bosch,Maintenance,2023,June,2
22,Bosch Relay,Bosch,Maintenance,2023,July,0
22,Bosch Relay,Bosch,Maintenance,2023,August,1
22,Bosch Relay,Bosch,Maintenance,2023,September,8
22,Bosch Relay,Bosch,Maintenance,2023,October,2
22,Bosch Relay,Bosch,Maintenance,2023,November,3
22,Bosch Relay,Bosch,Maintenance,2023,December,5
22,Bosch Relay,Bosch,Maintenance,2024,January,3
22,Bosch Relay,Bosch,Maintenance,2024,February,4
22,Bosch Relay,Bosch,Maintenance,2024,March,5
22,Bosch Relay,Bosch,Maintenance,2024,April,2
22,Bosch Relay,Bosch,Maintenance,2024,May,3
22,Bosch Relay,Bosch,Maintenance,2024,June,2
22,Bosch Relay,Bosch,Maintenance,2024,July,0
22,Bosch Relay,Bosch,Maintenance,2024,August,2
22,Bosch Relay,Bosch,Maintenance,2024,September,2
22,Bosch Relay,Bosch,Maintenance,2024,October,2
22,Bosch Relay,Bosch,Maintenance,2024,November,10
22,Bosch Relay,Bosch,Maintenance,2024,December,2
22,Bosch Relay,Bosch,Maintenance,2025,January,10
22,Bosch Relay,Bosch,Maintenance,2025,February,8
22,Bosch Relay,Bosch,Maintenance,2025,March,4
22,Bosch Relay,Bosch,Maintenance,2025,April,4
22,Bosch Relay,Bosch,Maintenance,2025,May,3
22,Bosch Relay,Bosch,Maintenance,2025,June,3
22,Bosch Relay,Bosch,Maintenance,2025,July,3
22,Bosch Relay,Bosch,Maintenance,2025,August,3
22,Bosch Relay,Bosch,Maintenance,2025,September,3
22,Bosch Relay,Bosch,Maintenance,2025,October,6
22,Bosch Relay,Bosch,Maintenance,2025,November,4
22,Bosch Relay,Bosch,Maintenance,2025,December,2
22,Bosch Relay,Bosch,Maintenance,2026,January,7
22,Bosch Relay,Bosch,Maintenance,2026,February,2
22,Bosch Relay,Bosch,Maintenance,2026,March,6
22,Bosch Relay,Bosch,Maintenance,2026,April,1
22,Bosch Relay,Bosch,Maintenance,2026,May,5
23,Belt (Click),Honda,Honda Genuine Parts,2023,January,0
23,Belt (Click),Honda,Honda Genuine Parts,2023,February,0
23,Belt (Click),Honda,Honda Genuine Parts,2023,March,0
23,Belt (Click),Honda,Honda Genuine Parts,2023,April,0
23,Belt (Click),Honda,Honda Genuine Parts,2023,May,0
23,Belt (Click),Honda,Honda Genuine Parts,2023,June,2
23,Belt (Click),Honda,Honda Genuine Parts,2023,July,0
23,Belt (Click),Honda,Honda Genuine Parts,2023,August,0
23,Belt (Click),Honda,Honda Genuine Parts,2023,September,2
23,Belt (Click),Honda,Honda Genuine Parts,2023,October,0
23,Belt (Click),Honda,Honda Genuine Parts,2023,November,5
23,Belt (Click),Honda,Honda Genuine Parts,2023,December,4
23,Belt (Click),Honda,Honda Genuine Parts,2024,January,3
23,Belt (Click),Honda,Honda Genuine Parts,2024,February,1
23,Belt (Click),Honda,Honda Genuine Parts,2024,March,2
23,Belt (Click),Honda,Honda Genuine Parts,2024,April,0
23,Belt (Click),Honda,Honda Genuine Parts,2024,May,1
23,Belt (Click),Honda,Honda Genuine Parts,2024,June,1
23,Belt (Click),Honda,Honda Genuine Parts,2024,July,0
23,Belt (Click),Honda,Honda Genuine Parts,2024,August,1
23,Belt (Click),Honda,Honda Genuine Parts,2024,September,4
23,Belt (Click),Honda,Honda Genuine Parts,2024,October,2
23,Belt (Click),Honda,Honda Genuine Parts,2024,November,3
23,Belt (Click),Honda,Honda Genuine Parts,2024,December,4
23,Belt (Click),Honda,Honda Genuine Parts,2025,January,2
23,Belt (Click),Honda,Honda Genuine Parts,2025,February,1
23,Belt (Click),Honda,Honda Genuine Parts,2025,March,3
23,Belt (Click),Honda,Honda Genuine Parts,2025,April,4
23,Belt (Click),Honda,Honda Genuine Parts,2025,May,2
23,Belt (Click),Honda,Honda Genuine Parts,2025,June,4
23,Belt (Click),Honda,Honda Genuine Parts,2025,July,1
23,Belt (Click),Honda,Honda Genuine Parts,2025,August,1
23,Belt (Click),Honda,Honda Genuine Parts,2025,September,0
23,Belt (Click),Honda,Honda Genuine Parts,2025,October,0
23,Belt (Click),Honda,Honda Genuine Parts,2025,November,1
23,Belt (Click),Honda,Honda Genuine Parts,2025,December,3
23,Belt (Click),Honda,Honda Genuine Parts,2026,January,3
23,Belt (Click),Honda,Honda Genuine Parts,2026,February,5
23,Belt (Click),Honda,Honda Genuine Parts,2026,March,5
23,Belt (Click),Honda,Honda Genuine Parts,2026,April,5
23,Belt (Click),Honda,Honda Genuine Parts,2026,May,2
24,JVT Fly Ball (PCX),JVT,Racing Parts,2023,January,0
24,JVT Fly Ball (PCX),JVT,Racing Parts,2023,February,0
24,JVT Fly Ball (PCX),JVT,Racing Parts,2023,March,1
24,JVT Fly Ball (PCX),JVT,Racing Parts,2023,April,0
24,JVT Fly Ball (PCX),JVT,Racing Parts,2023,May,0
24,JVT Fly Ball (PCX),JVT,Racing Parts,2023,June,0
24,JVT Fly Ball (PCX),JVT,Racing Parts,2023,July,0
24,JVT Fly Ball (PCX),JVT,Racing Parts,2023,August,0
24,JVT Fly Ball (PCX),JVT,Racing Parts,2023,September,0
24,JVT Fly Ball (PCX),JVT,Racing Parts,2023,October,0
24,JVT Fly Ball (PCX),JVT,Racing Parts,2023,November,0
24,JVT Fly Ball (PCX),JVT,Racing Parts,2023,December,0
24,JVT Fly Ball (PCX),JVT,Racing Parts,2024,January,2
24,JVT Fly Ball (PCX),JVT,Racing Parts,2024,February,1
24,JVT Fly Ball (PCX),JVT,Racing Parts,2024,March,1
24,JVT Fly Ball (PCX),JVT,Racing Parts,2024,April,0
24,JVT Fly Ball (PCX),JVT,Racing Parts,2024,May,1
24,JVT Fly Ball (PCX),JVT,Racing Parts,2024,June,1
24,JVT Fly Ball (PCX),JVT,Racing Parts,2024,July,0
24,JVT Fly Ball (PCX),JVT,Racing Parts,2024,August,0
24,JVT Fly Ball (PCX),JVT,Racing Parts,2024,September,0
24,JVT Fly Ball (PCX),JVT,Racing Parts,2024,October,1
24,JVT Fly Ball (PCX),JVT,Racing Parts,2024,November,0
24,JVT Fly Ball (PCX),JVT,Racing Parts,2024,December,4
24,JVT Fly Ball (PCX),JVT,Racing Parts,2025,January,6
24,JVT Fly Ball (PCX),JVT,Racing Parts,2025,February,6
24,JVT Fly Ball (PCX),JVT,Racing Parts,2025,March,0
24,JVT Fly Ball (PCX),JVT,Racing Parts,2025,April,0
24,JVT Fly Ball (PCX),JVT,Racing Parts,2025,May,0
24,JVT Fly Ball (PCX),JVT,Racing Parts,2025,June,1
24,JVT Fly Ball (PCX),JVT,Racing Parts,2025,July,0
24,JVT Fly Ball (PCX),JVT,Racing Parts,2025,August,0
24,JVT Fly Ball (PCX),JVT,Racing Parts,2025,September,0
24,JVT Fly Ball (PCX),JVT,Racing Parts,2025,October,1
24,JVT Fly Ball (PCX),JVT,Racing Parts,2025,November,10
24,JVT Fly Ball (PCX),JVT,Racing Parts,2025,December,3
24,JVT Fly Ball (PCX),JVT,Racing Parts,2026,January,6
24,JVT Fly Ball (PCX),JVT,Racing Parts,2026,February,1
24,JVT Fly Ball (PCX),JVT,Racing Parts,2026,March,6
24,JVT Fly Ball (PCX),JVT,Racing Parts,2026,April,3
24,JVT Fly Ball (PCX),JVT,Racing Parts,2026,May,4
25,Pulley Washer,HIRC,Racing Parts,2023,January,0
25,Pulley Washer,HIRC,Racing Parts,2023,February,0
25,Pulley Washer,HIRC,Racing Parts,2023,March,2
25,Pulley Washer,HIRC,Racing Parts,2023,April,0
25,Pulley Washer,HIRC,Racing Parts,2023,May,0
25,Pulley Washer,HIRC,Racing Parts,2023,June,0
25,Pulley Washer,HIRC,Racing Parts,2023,July,0
25,Pulley Washer,HIRC,Racing Parts,2023,August,0
25,Pulley Washer,HIRC,Racing Parts,2023,September,0
25,Pulley Washer,HIRC,Racing Parts,2023,October,0
25,Pulley Washer,HIRC,Racing Parts,2023,November,0
25,Pulley Washer,HIRC,Racing Parts,2023,December,0
25,Pulley Washer,HIRC,Racing Parts,2024,January,2
25,Pulley Washer,HIRC,Racing Parts,2024,February,3
25,Pulley Washer,HIRC,Racing Parts,2024,March,2
25,Pulley Washer,HIRC,Racing Parts,2024,April,0
25,Pulley Washer,HIRC,Racing Parts,2024,May,3
25,Pulley Washer,HIRC,Racing Parts,2024,June,2
25,Pulley Washer,HIRC,Racing Parts,2024,July,2
25,Pulley Washer,HIRC,Racing Parts,2024,August,3
25,Pulley Washer,HIRC,Racing Parts,2024,September,2
25,Pulley Washer,HIRC,Racing Parts,2024,October,2
25,Pulley Washer,HIRC,Racing Parts,2024,November,4
25,Pulley Washer,HIRC,Racing Parts,2024,December,2
25,Pulley Washer,HIRC,Racing Parts,2025,January,2
25,Pulley Washer,HIRC,Racing Parts,2025,February,9
25,Pulley Washer,HIRC,Racing Parts,2025,March,1
25,Pulley Washer,HIRC,Racing Parts,2025,April,3
25,Pulley Washer,HIRC,Racing Parts,2025,May,0
25,Pulley Washer,HIRC,Racing Parts,2025,June,4
25,Pulley Washer,HIRC,Racing Parts,2025,July,3
25,Pulley Washer,HIRC,Racing Parts,2025,August,4
25,Pulley Washer,HIRC,Racing Parts,2025,September,6
25,Pulley Washer,HIRC,Racing Parts,2025,October,13
25,Pulley Washer,HIRC,Racing Parts,2025,November,10
25,Pulley Washer,HIRC,Racing Parts,2025,December,6
25,Pulley Washer,HIRC,Racing Parts,2026,January,5
25,Pulley Washer,HIRC,Racing Parts,2026,February,8
25,Pulley Washer,HIRC,Racing Parts,2026,March,6
25,Pulley Washer,HIRC,Racing Parts,2026,April,0
25,Pulley Washer,HIRC,Racing Parts,2026,May,1
26,PIAA Horn,PIAA,Horn,2023,January,7
26,PIAA Horn,PIAA,Horn,2023,February,7
26,PIAA Horn,PIAA,Horn,2023,March,6
26,PIAA Horn,PIAA,Horn,2023,April,4
26,PIAA Horn,PIAA,Horn,2023,May,5
26,PIAA Horn,PIAA,Horn,2023,June,1
26,PIAA Horn,PIAA,Horn,2023,July,4
26,PIAA Horn,PIAA,Horn,2023,August,5
26,PIAA Horn,PIAA,Horn,2023,September,9
26,PIAA Horn,PIAA,Horn,2023,October,0
26,PIAA Horn,PIAA,Horn,2023,November,0
26,PIAA Horn,PIAA,Horn,2023,December,5
26,PIAA Horn,PIAA,Horn,2024,January,3
26,PIAA Horn,PIAA,Horn,2024,February,2
26,PIAA Horn,PIAA,Horn,2024,March,5
26,PIAA Horn,PIAA,Horn,2024,April,1
26,PIAA Horn,PIAA,Horn,2024,May,3
26,PIAA Horn,PIAA,Horn,2024,June,4
26,PIAA Horn,PIAA,Horn,2024,July,2
26,PIAA Horn,PIAA,Horn,2024,August,2
26,PIAA Horn,PIAA,Horn,2024,September,3
26,PIAA Horn,PIAA,Horn,2024,October,1
26,PIAA Horn,PIAA,Horn,2024,November,7
26,PIAA Horn,PIAA,Horn,2024,December,2
26,PIAA Horn,PIAA,Horn,2025,January,9
26,PIAA Horn,PIAA,Horn,2025,February,6
26,PIAA Horn,PIAA,Horn,2025,March,3
26,PIAA Horn,PIAA,Horn,2025,April,3
26,PIAA Horn,PIAA,Horn,2025,May,5
26,PIAA Horn,PIAA,Horn,2025,June,3
26,PIAA Horn,PIAA,Horn,2025,July,1
26,PIAA Horn,PIAA,Horn,2025,August,1
26,PIAA Horn,PIAA,Horn,2025,September,2
26,PIAA Horn,PIAA,Horn,2025,October,5
26,PIAA Horn,PIAA,Horn,2025,November,4
26,PIAA Horn,PIAA,Horn,2025,December,1
26,PIAA Horn,PIAA,Horn,2026,January,7
26,PIAA Horn,PIAA,Horn,2026,February,3
26,PIAA Horn,PIAA,Horn,2026,March,4
26,PIAA Horn,PIAA,Horn,2026,April,1
26,PIAA Horn,PIAA,Horn,2026,May,4
27,MTRT Injector,MTRT,Racing Parts,2023,January,0
27,MTRT Injector,MTRT,Racing Parts,2023,February,0
27,MTRT Injector,MTRT,Racing Parts,2023,March,0
27,MTRT Injector,MTRT,Racing Parts,2023,April,0
27,MTRT Injector,MTRT,Racing Parts,2023,May,4
27,MTRT Injector,MTRT,Racing Parts,2023,June,1
27,MTRT Injector,MTRT,Racing Parts,2023,July,0
27,MTRT Injector,MTRT,Racing Parts,2023,August,2
27,MTRT Injector,MTRT,Racing Parts,2023,September,2
27,MTRT Injector,MTRT,Racing Parts,2023,October,5
27,MTRT Injector,MTRT,Racing Parts,2023,November,2
27,MTRT Injector,MTRT,Racing Parts,2023,December,0
27,MTRT Injector,MTRT,Racing Parts,2024,January,1
27,MTRT Injector,MTRT,Racing Parts,2024,February,1
27,MTRT Injector,MTRT,Racing Parts,2024,March,4
27,MTRT Injector,MTRT,Racing Parts,2024,April,1
27,MTRT Injector,MTRT,Racing Parts,2024,May,1
27,MTRT Injector,MTRT,Racing Parts,2024,June,1
27,MTRT Injector,MTRT,Racing Parts,2024,July,1
27,MTRT Injector,MTRT,Racing Parts,2024,August,0
27,MTRT Injector,MTRT,Racing Parts,2024,September,0
27,MTRT Injector,MTRT,Racing Parts,2024,October,2
27,MTRT Injector,MTRT,Racing Parts,2024,November,1
27,MTRT Injector,MTRT,Racing Parts,2024,December,1
27,MTRT Injector,MTRT,Racing Parts,2025,January,8
27,MTRT Injector,MTRT,Racing Parts,2025,February,3
27,MTRT Injector,MTRT,Racing Parts,2025,March,3
27,MTRT Injector,MTRT,Racing Parts,2025,April,3
27,MTRT Injector,MTRT,Racing Parts,2025,May,3
27,MTRT Injector,MTRT,Racing Parts,2025,June,2
27,MTRT Injector,MTRT,Racing Parts,2025,July,2
27,MTRT Injector,MTRT,Racing Parts,2025,August,3
27,MTRT Injector,MTRT,Racing Parts,2025,September,0
27,MTRT Injector,MTRT,Racing Parts,2025,October,3
27,MTRT Injector,MTRT,Racing Parts,2025,November,3
27,MTRT Injector,MTRT,Racing Parts,2025,December,6
27,MTRT Injector,MTRT,Racing Parts,2026,January,3
27,MTRT Injector,MTRT,Racing Parts,2026,February,7
27,MTRT Injector,MTRT,Racing Parts,2026,March,5
27,MTRT Injector,MTRT,Racing Parts,2026,April,3
27,MTRT Injector,MTRT,Racing Parts,2026,May,0
28,Bearing Cam Set,Yamaha,Yamaha Genuine Parts,2023,January,0
28,Bearing Cam Set,Yamaha,Yamaha Genuine Parts,2023,February,0
28,Bearing Cam Set,Yamaha,Yamaha Genuine Parts,2023,March,2
28,Bearing Cam Set,Yamaha,Yamaha Genuine Parts,2023,April,1
28,Bearing Cam Set,Yamaha,Yamaha Genuine Parts,2023,May,1
28,Bearing Cam Set,Yamaha,Yamaha Genuine Parts,2023,June,3
28,Bearing Cam Set,Yamaha,Yamaha Genuine Parts,2023,July,0
28,Bearing Cam Set,Yamaha,Yamaha Genuine Parts,2023,August,2
28,Bearing Cam Set,Yamaha,Yamaha Genuine Parts,2023,September,0
28,Bearing Cam Set,Yamaha,Yamaha Genuine Parts,2023,October,1
28,Bearing Cam Set,Yamaha,Yamaha Genuine Parts,2023,November,0
28,Bearing Cam Set,Yamaha,Yamaha Genuine Parts,2023,December,0
28,Bearing Cam Set,Yamaha,Yamaha Genuine Parts,2024,January,2
28,Bearing Cam Set,Yamaha,Yamaha Genuine Parts,2024,February,1
28,Bearing Cam Set,Yamaha,Yamaha Genuine Parts,2024,March,0
28,Bearing Cam Set,Yamaha,Yamaha Genuine Parts,2024,April,1
28,Bearing Cam Set,Yamaha,Yamaha Genuine Parts,2024,May,0
28,Bearing Cam Set,Yamaha,Yamaha Genuine Parts,2024,June,1
28,Bearing Cam Set,Yamaha,Yamaha Genuine Parts,2024,July,1
28,Bearing Cam Set,Yamaha,Yamaha Genuine Parts,2024,August,0
28,Bearing Cam Set,Yamaha,Yamaha Genuine Parts,2024,September,1
28,Bearing Cam Set,Yamaha,Yamaha Genuine Parts,2024,October,1
28,Bearing Cam Set,Yamaha,Yamaha Genuine Parts,2024,November,1
28,Bearing Cam Set,Yamaha,Yamaha Genuine Parts,2024,December,4
28,Bearing Cam Set,Yamaha,Yamaha Genuine Parts,2025,January,5
28,Bearing Cam Set,Yamaha,Yamaha Genuine Parts,2025,February,3
28,Bearing Cam Set,Yamaha,Yamaha Genuine Parts,2025,March,2
28,Bearing Cam Set,Yamaha,Yamaha Genuine Parts,2025,April,0
28,Bearing Cam Set,Yamaha,Yamaha Genuine Parts,2025,May,1
28,Bearing Cam Set,Yamaha,Yamaha Genuine Parts,2025,June,0
28,Bearing Cam Set,Yamaha,Yamaha Genuine Parts,2025,July,0
28,Bearing Cam Set,Yamaha,Yamaha Genuine Parts,2025,August,0
28,Bearing Cam Set,Yamaha,Yamaha Genuine Parts,2025,September,0
28,Bearing Cam Set,Yamaha,Yamaha Genuine Parts,2025,October,5
28,Bearing Cam Set,Yamaha,Yamaha Genuine Parts,2025,November,6
28,Bearing Cam Set,Yamaha,Yamaha Genuine Parts,2025,December,1
28,Bearing Cam Set,Yamaha,Yamaha Genuine Parts,2026,January,1
28,Bearing Cam Set,Yamaha,Yamaha Genuine Parts,2026,February,5
28,Bearing Cam Set,Yamaha,Yamaha Genuine Parts,2026,March,5
28,Bearing Cam Set,Yamaha,Yamaha Genuine Parts,2026,April,3
28,Bearing Cam Set,Yamaha,Yamaha Genuine Parts,2026,May,4
29,Brake Pad,Yamaha,Yamaha Genuine Parts,2023,January,3
29,Brake Pad,Yamaha,Yamaha Genuine Parts,2023,February,5
29,Brake Pad,Yamaha,Yamaha Genuine Parts,2023,March,5
29,Brake Pad,Yamaha,Yamaha Genuine Parts,2023,April,3
29,Brake Pad,Yamaha,Yamaha Genuine Parts,2023,May,0
29,Brake Pad,Yamaha,Yamaha Genuine Parts,2023,June,2
29,Brake Pad,Yamaha,Yamaha Genuine Parts,2023,July,1
29,Brake Pad,Yamaha,Yamaha Genuine Parts,2023,August,1
29,Brake Pad,Yamaha,Yamaha Genuine Parts,2023,September,3
29,Brake Pad,Yamaha,Yamaha Genuine Parts,2023,October,2
29,Brake Pad,Yamaha,Yamaha Genuine Parts,2023,November,3
29,Brake Pad,Yamaha,Yamaha Genuine Parts,2023,December,3
29,Brake Pad,Yamaha,Yamaha Genuine Parts,2024,January,4
29,Brake Pad,Yamaha,Yamaha Genuine Parts,2024,February,3
29,Brake Pad,Yamaha,Yamaha Genuine Parts,2024,March,4
29,Brake Pad,Yamaha,Yamaha Genuine Parts,2024,April,1
29,Brake Pad,Yamaha,Yamaha Genuine Parts,2024,May,4
29,Brake Pad,Yamaha,Yamaha Genuine Parts,2024,June,0
29,Brake Pad,Yamaha,Yamaha Genuine Parts,2024,July,1
29,Brake Pad,Yamaha,Yamaha Genuine Parts,2024,August,2
29,Brake Pad,Yamaha,Yamaha Genuine Parts,2024,September,0
29,Brake Pad,Yamaha,Yamaha Genuine Parts,2024,October,1
29,Brake Pad,Yamaha,Yamaha Genuine Parts,2024,November,0
29,Brake Pad,Yamaha,Yamaha Genuine Parts,2024,December,1
29,Brake Pad,Yamaha,Yamaha Genuine Parts,2025,January,2
29,Brake Pad,Yamaha,Yamaha Genuine Parts,2025,February,5
29,Brake Pad,Yamaha,Yamaha Genuine Parts,2025,March,2
29,Brake Pad,Yamaha,Yamaha Genuine Parts,2025,April,3
29,Brake Pad,Yamaha,Yamaha Genuine Parts,2025,May,1
29,Brake Pad,Yamaha,Yamaha Genuine Parts,2025,June,5
29,Brake Pad,Yamaha,Yamaha Genuine Parts,2025,July,6
29,Brake Pad,Yamaha,Yamaha Genuine Parts,2025,August,3
29,Brake Pad,Yamaha,Yamaha Genuine Parts,2025,September,1
29,Brake Pad,Yamaha,Yamaha Genuine Parts,2025,October,2
29,Brake Pad,Yamaha,Yamaha Genuine Parts,2025,November,1
29,Brake Pad,Yamaha,Yamaha Genuine Parts,2025,December,2
29,Brake Pad,Yamaha,Yamaha Genuine Parts,2026,January,3
29,Brake Pad,Yamaha,Yamaha Genuine Parts,2026,February,5
29,Brake Pad,Yamaha,Yamaha Genuine Parts,2026,March,8
29,Brake Pad,Yamaha,Yamaha Genuine Parts,2026,April,0
29,Brake Pad,Yamaha,Yamaha Genuine Parts,2026,May,2
30,CVT Foam,Yamaha,Yamaha Genuine Parts,2023,January,3
30,CVT Foam,Yamaha,Yamaha Genuine Parts,2023,February,3
30,CVT Foam,Yamaha,Yamaha Genuine Parts,2023,March,1
30,CVT Foam,Yamaha,Yamaha Genuine Parts,2023,April,1
30,CVT Foam,Yamaha,Yamaha Genuine Parts,2023,May,1
30,CVT Foam,Yamaha,Yamaha Genuine Parts,2023,June,0
30,CVT Foam,Yamaha,Yamaha Genuine Parts,2023,July,2
30,CVT Foam,Yamaha,Yamaha Genuine Parts,2023,August,1
30,CVT Foam,Yamaha,Yamaha Genuine Parts,2023,September,1
30,CVT Foam,Yamaha,Yamaha Genuine Parts,2023,October,0
30,CVT Foam,Yamaha,Yamaha Genuine Parts,2023,November,0
30,CVT Foam,Yamaha,Yamaha Genuine Parts,2023,December,3
30,CVT Foam,Yamaha,Yamaha Genuine Parts,2024,January,2
30,CVT Foam,Yamaha,Yamaha Genuine Parts,2024,February,0
30,CVT Foam,Yamaha,Yamaha Genuine Parts,2024,March,4
30,CVT Foam,Yamaha,Yamaha Genuine Parts,2024,April,1
30,CVT Foam,Yamaha,Yamaha Genuine Parts,2024,May,3
30,CVT Foam,Yamaha,Yamaha Genuine Parts,2024,June,0
30,CVT Foam,Yamaha,Yamaha Genuine Parts,2024,July,2
30,CVT Foam,Yamaha,Yamaha Genuine Parts,2024,August,2
30,CVT Foam,Yamaha,Yamaha Genuine Parts,2024,September,2
30,CVT Foam,Yamaha,Yamaha Genuine Parts,2024,October,1
30,CVT Foam,Yamaha,Yamaha Genuine Parts,2024,November,4
30,CVT Foam,Yamaha,Yamaha Genuine Parts,2024,December,5
30,CVT Foam,Yamaha,Yamaha Genuine Parts,2025,January,1
30,CVT Foam,Yamaha,Yamaha Genuine Parts,2025,February,0
30,CVT Foam,Yamaha,Yamaha Genuine Parts,2025,March,0
30,CVT Foam,Yamaha,Yamaha Genuine Parts,2025,April,3
30,CVT Foam,Yamaha,Yamaha Genuine Parts,2025,May,3
30,CVT Foam,Yamaha,Yamaha Genuine Parts,2025,June,2
30,CVT Foam,Yamaha,Yamaha Genuine Parts,2025,July,1
30,CVT Foam,Yamaha,Yamaha Genuine Parts,2025,August,1
30,CVT Foam,Yamaha,Yamaha Genuine Parts,2025,September,0
30,CVT Foam,Yamaha,Yamaha Genuine Parts,2025,October,1
30,CVT Foam,Yamaha,Yamaha Genuine Parts,2025,November,1
30,CVT Foam,Yamaha,Yamaha Genuine Parts,2025,December,0
30,CVT Foam,Yamaha,Yamaha Genuine Parts,2026,January,5
30,CVT Foam,Yamaha,Yamaha Genuine Parts,2026,February,4
30,CVT Foam,Yamaha,Yamaha Genuine Parts,2026,March,2
30,CVT Foam,Yamaha,Yamaha Genuine Parts,2026,April,6
30,CVT Foam,Yamaha,Yamaha Genuine Parts,2026,May,1
31,Shell Long Ride,Shell,Maintenance,2023,January,0
31,Shell Long Ride,Shell,Maintenance,2023,February,4
31,Shell Long Ride,Shell,Maintenance,2023,March,5
31,Shell Long Ride,Shell,Maintenance,2023,April,0
31,Shell Long Ride,Shell,Maintenance,2023,May,1
31,Shell Long Ride,Shell,Maintenance,2023,June,0
31,Shell Long Ride,Shell,Maintenance,2023,July,0
31,Shell Long Ride,Shell,Maintenance,2023,August,0
31,Shell Long Ride,Shell,Maintenance,2023,September,0
31,Shell Long Ride,Shell,Maintenance,2023,October,2
31,Shell Long Ride,Shell,Maintenance,2023,November,0
31,Shell Long Ride,Shell,Maintenance,2023,December,0
31,Shell Long Ride,Shell,Maintenance,2024,January,1
31,Shell Long Ride,Shell,Maintenance,2024,February,0
31,Shell Long Ride,Shell,Maintenance,2024,March,1
31,Shell Long Ride,Shell,Maintenance,2024,April,0
31,Shell Long Ride,Shell,Maintenance,2024,May,1
31,Shell Long Ride,Shell,Maintenance,2024,June,2
31,Shell Long Ride,Shell,Maintenance,2024,July,1
31,Shell Long Ride,Shell,Maintenance,2024,August,2
31,Shell Long Ride,Shell,Maintenance,2024,September,1
31,Shell Long Ride,Shell,Maintenance,2024,October,0
31,Shell Long Ride,Shell,Maintenance,2024,November,3
31,Shell Long Ride,Shell,Maintenance,2024,December,2
31,Shell Long Ride,Shell,Maintenance,2025,January,4
31,Shell Long Ride,Shell,Maintenance,2025,February,10
31,Shell Long Ride,Shell,Maintenance,2025,March,4
31,Shell Long Ride,Shell,Maintenance,2025,April,1
31,Shell Long Ride,Shell,Maintenance,2025,May,0
31,Shell Long Ride,Shell,Maintenance,2025,June,2
31,Shell Long Ride,Shell,Maintenance,2025,July,4
31,Shell Long Ride,Shell,Maintenance,2025,August,2
31,Shell Long Ride,Shell,Maintenance,2025,September,1
31,Shell Long Ride,Shell,Maintenance,2025,October,5
31,Shell Long Ride,Shell,Maintenance,2025,November,4
31,Shell Long Ride,Shell,Maintenance,2025,December,3
31,Shell Long Ride,Shell,Maintenance,2026,January,6
31,Shell Long Ride,Shell,Maintenance,2026,February,1
31,Shell Long Ride,Shell,Maintenance,2026,March,6
31,Shell Long Ride,Shell,Maintenance,2026,April,2
31,Shell Long Ride,Shell,Maintenance,2026,May,2
32,CKP Sensor,MTRT,Maintenance,2023,January,0
32,CKP Sensor,MTRT,Maintenance,2023,February,0
32,CKP Sensor,MTRT,Maintenance,2023,March,0
32,CKP Sensor,MTRT,Maintenance,2023,April,0
32,CKP Sensor,MTRT,Maintenance,2023,May,0
32,CKP Sensor,MTRT,Maintenance,2023,June,0
32,CKP Sensor,MTRT,Maintenance,2023,July,0
32,CKP Sensor,MTRT,Maintenance,2023,August,0
32,CKP Sensor,MTRT,Maintenance,2023,September,0
32,CKP Sensor,MTRT,Maintenance,2023,October,0
32,CKP Sensor,MTRT,Maintenance,2023,November,0
32,CKP Sensor,MTRT,Maintenance,2023,December,0
32,CKP Sensor,MTRT,Maintenance,2024,January,0
32,CKP Sensor,MTRT,Maintenance,2024,February,1
32,CKP Sensor,MTRT,Maintenance,2024,March,1
32,CKP Sensor,MTRT,Maintenance,2024,April,1
32,CKP Sensor,MTRT,Maintenance,2024,May,1
32,CKP Sensor,MTRT,Maintenance,2024,June,1
32,CKP Sensor,MTRT,Maintenance,2024,July,1
32,CKP Sensor,MTRT,Maintenance,2024,August,1
32,CKP Sensor,MTRT,Maintenance,2024,September,1
32,CKP Sensor,MTRT,Maintenance,2024,October,2
32,CKP Sensor,MTRT,Maintenance,2024,November,2
32,CKP Sensor,MTRT,Maintenance,2024,December,2
32,CKP Sensor,MTRT,Maintenance,2025,January,3
32,CKP Sensor,MTRT,Maintenance,2025,February,5
32,CKP Sensor,MTRT,Maintenance,2025,March,0
32,CKP Sensor,MTRT,Maintenance,2025,April,1
32,CKP Sensor,MTRT,Maintenance,2025,May,0
32,CKP Sensor,MTRT,Maintenance,2025,June,0
32,CKP Sensor,MTRT,Maintenance,2025,July,0
32,CKP Sensor,MTRT,Maintenance,2025,August,2
32,CKP Sensor,MTRT,Maintenance,2025,September,0
32,CKP Sensor,MTRT,Maintenance,2025,October,5
32,CKP Sensor,MTRT,Maintenance,2025,November,1
32,CKP Sensor,MTRT,Maintenance,2025,December,2
32,CKP Sensor,MTRT,Maintenance,2026,January,1
32,CKP Sensor,MTRT,Maintenance,2026,February,3
32,CKP Sensor,MTRT,Maintenance,2026,March,3
32,CKP Sensor,MTRT,Maintenance,2026,April,6
32,CKP Sensor,MTRT,Maintenance,2026,May,3
33,Oring Torque,Honda,Honda Genuine Parts,2023,January,6
33,Oring Torque,Honda,Honda Genuine Parts,2023,February,0
33,Oring Torque,Honda,Honda Genuine Parts,2023,March,3
33,Oring Torque,Honda,Honda Genuine Parts,2023,April,1
33,Oring Torque,Honda,Honda Genuine Parts,2023,May,2
33,Oring Torque,Honda,Honda Genuine Parts,2023,June,0
33,Oring Torque,Honda,Honda Genuine Parts,2023,July,2
33,Oring Torque,Honda,Honda Genuine Parts,2023,August,0
33,Oring Torque,Honda,Honda Genuine Parts,2023,September,0
33,Oring Torque,Honda,Honda Genuine Parts,2023,October,2
33,Oring Torque,Honda,Honda Genuine Parts,2023,November,4
33,Oring Torque,Honda,Honda Genuine Parts,2023,December,3
33,Oring Torque,Honda,Honda Genuine Parts,2024,January,4
33,Oring Torque,Honda,Honda Genuine Parts,2024,February,2
33,Oring Torque,Honda,Honda Genuine Parts,2024,March,1
33,Oring Torque,Honda,Honda Genuine Parts,2024,April,0
33,Oring Torque,Honda,Honda Genuine Parts,2024,May,0
33,Oring Torque,Honda,Honda Genuine Parts,2024,June,1
33,Oring Torque,Honda,Honda Genuine Parts,2024,July,2
33,Oring Torque,Honda,Honda Genuine Parts,2024,August,1
33,Oring Torque,Honda,Honda Genuine Parts,2024,September,2
33,Oring Torque,Honda,Honda Genuine Parts,2024,October,0
33,Oring Torque,Honda,Honda Genuine Parts,2024,November,3
33,Oring Torque,Honda,Honda Genuine Parts,2024,December,5
33,Oring Torque,Honda,Honda Genuine Parts,2025,January,3
33,Oring Torque,Honda,Honda Genuine Parts,2025,February,4
33,Oring Torque,Honda,Honda Genuine Parts,2025,March,4
33,Oring Torque,Honda,Honda Genuine Parts,2025,April,0
33,Oring Torque,Honda,Honda Genuine Parts,2025,May,1
33,Oring Torque,Honda,Honda Genuine Parts,2025,June,7
33,Oring Torque,Honda,Honda Genuine Parts,2025,July,3
33,Oring Torque,Honda,Honda Genuine Parts,2025,August,2
33,Oring Torque,Honda,Honda Genuine Parts,2025,September,5
33,Oring Torque,Honda,Honda Genuine Parts,2025,October,0
33,Oring Torque,Honda,Honda Genuine Parts,2025,November,10
33,Oring Torque,Honda,Honda Genuine Parts,2025,December,2
33,Oring Torque,Honda,Honda Genuine Parts,2026,January,6
33,Oring Torque,Honda,Honda Genuine Parts,2026,February,2
33,Oring Torque,Honda,Honda Genuine Parts,2026,March,1
33,Oring Torque,Honda,Honda Genuine Parts,2026,April,7
33,Oring Torque,Honda,Honda Genuine Parts,2026,May,0
34,JVT Pulley Set (NMAX),JVT,Racing Parts,2023,January,1
34,JVT Pulley Set (NMAX),JVT,Racing Parts,2023,February,0
34,JVT Pulley Set (NMAX),JVT,Racing Parts,2023,March,4
34,JVT Pulley Set (NMAX),JVT,Racing Parts,2023,April,0
34,JVT Pulley Set (NMAX),JVT,Racing Parts,2023,May,0
34,JVT Pulley Set (NMAX),JVT,Racing Parts,2023,June,0
34,JVT Pulley Set (NMAX),JVT,Racing Parts,2023,July,0
34,JVT Pulley Set (NMAX),JVT,Racing Parts,2023,August,0
34,JVT Pulley Set (NMAX),JVT,Racing Parts,2023,September,0
34,JVT Pulley Set (NMAX),JVT,Racing Parts,2023,October,0
34,JVT Pulley Set (NMAX),JVT,Racing Parts,2023,November,0
34,JVT Pulley Set (NMAX),JVT,Racing Parts,2023,December,0
34,JVT Pulley Set (NMAX),JVT,Racing Parts,2024,January,3
34,JVT Pulley Set (NMAX),JVT,Racing Parts,2024,February,0
34,JVT Pulley Set (NMAX),JVT,Racing Parts,2024,March,2
34,JVT Pulley Set (NMAX),JVT,Racing Parts,2024,April,1
34,JVT Pulley Set (NMAX),JVT,Racing Parts,2024,May,0
34,JVT Pulley Set (NMAX),JVT,Racing Parts,2024,June,3
34,JVT Pulley Set (NMAX),JVT,Racing Parts,2024,July,2
34,JVT Pulley Set (NMAX),JVT,Racing Parts,2024,August,0
34,JVT Pulley Set (NMAX),JVT,Racing Parts,2024,September,1
34,JVT Pulley Set (NMAX),JVT,Racing Parts,2024,October,1
34,JVT Pulley Set (NMAX),JVT,Racing Parts,2024,November,0
34,JVT Pulley Set (NMAX),JVT,Racing Parts,2024,December,1
34,JVT Pulley Set (NMAX),JVT,Racing Parts,2025,January,1
34,JVT Pulley Set (NMAX),JVT,Racing Parts,2025,February,2
34,JVT Pulley Set (NMAX),JVT,Racing Parts,2025,March,2
34,JVT Pulley Set (NMAX),JVT,Racing Parts,2025,April,2
34,JVT Pulley Set (NMAX),JVT,Racing Parts,2025,May,3
34,JVT Pulley Set (NMAX),JVT,Racing Parts,2025,June,0
34,JVT Pulley Set (NMAX),JVT,Racing Parts,2025,July,0
34,JVT Pulley Set (NMAX),JVT,Racing Parts,2025,August,0
34,JVT Pulley Set (NMAX),JVT,Racing Parts,2025,September,1
34,JVT Pulley Set (NMAX),JVT,Racing Parts,2025,October,4
34,JVT Pulley Set (NMAX),JVT,Racing Parts,2025,November,6
34,JVT Pulley Set (NMAX),JVT,Racing Parts,2025,December,2
34,JVT Pulley Set (NMAX),JVT,Racing Parts,2026,January,1
34,JVT Pulley Set (NMAX),JVT,Racing Parts,2026,February,5
34,JVT Pulley Set (NMAX),JVT,Racing Parts,2026,March,5
34,JVT Pulley Set (NMAX),JVT,Racing Parts,2026,April,4
34,JVT Pulley Set (NMAX),JVT,Racing Parts,2026,May,0
35,JVT Slide Piece,JVT,Maintenance,2023,January,2
35,JVT Slide Piece,JVT,Maintenance,2023,February,0
35,JVT Slide Piece,JVT,Maintenance,2023,March,0
35,JVT Slide Piece,JVT,Maintenance,2023,April,1
35,JVT Slide Piece,JVT,Maintenance,2023,May,0
35,JVT Slide Piece,JVT,Maintenance,2023,June,0
35,JVT Slide Piece,JVT,Maintenance,2023,July,0
35,JVT Slide Piece,JVT,Maintenance,2023,August,0
35,JVT Slide Piece,JVT,Maintenance,2023,September,3
35,JVT Slide Piece,JVT,Maintenance,2023,October,0
35,JVT Slide Piece,JVT,Maintenance,2023,November,0
35,JVT Slide Piece,JVT,Maintenance,2023,December,0
35,JVT Slide Piece,JVT,Maintenance,2024,January,2
35,JVT Slide Piece,JVT,Maintenance,2024,February,7
35,JVT Slide Piece,JVT,Maintenance,2024,March,2
35,JVT Slide Piece,JVT,Maintenance,2024,April,0
35,JVT Slide Piece,JVT,Maintenance,2024,May,2
35,JVT Slide Piece,JVT,Maintenance,2024,June,4
35,JVT Slide Piece,JVT,Maintenance,2024,July,3
35,JVT Slide Piece,JVT,Maintenance,2024,August,4
35,JVT Slide Piece,JVT,Maintenance,2024,September,2
35,JVT Slide Piece,JVT,Maintenance,2024,October,2
35,JVT Slide Piece,JVT,Maintenance,2024,November,13
35,JVT Slide Piece,JVT,Maintenance,2024,December,4
35,JVT Slide Piece,JVT,Maintenance,2025,January,8
35,JVT Slide Piece,JVT,Maintenance,2025,February,7
35,JVT Slide Piece,JVT,Maintenance,2025,March,13
35,JVT Slide Piece,JVT,Maintenance,2025,April,16
35,JVT Slide Piece,JVT,Maintenance,2025,May,7
35,JVT Slide Piece,JVT,Maintenance,2025,June,9
35,JVT Slide Piece,JVT,Maintenance,2025,July,6
35,JVT Slide Piece,JVT,Maintenance,2025,August,3
35,JVT Slide Piece,JVT,Maintenance,2025,September,2
35,JVT Slide Piece,JVT,Maintenance,2025,October,6
35,JVT Slide Piece,JVT,Maintenance,2025,November,6
35,JVT Slide Piece,JVT,Maintenance,2025,December,6
35,JVT Slide Piece,JVT,Maintenance,2026,January,1
35,JVT Slide Piece,JVT,Maintenance,2026,February,2
35,JVT Slide Piece,JVT,Maintenance,2026,March,8
35,JVT Slide Piece,JVT,Maintenance,2026,April,1
35,JVT Slide Piece,JVT,Maintenance,2026,May,3
36,Senlo MDL,Senlo,Accessories,2023,January,0
36,Senlo MDL,Senlo,Accessories,2023,February,0
36,Senlo MDL,Senlo,Accessories,2023,March,2
36,Senlo MDL,Senlo,Accessories,2023,April,0
36,Senlo MDL,Senlo,Accessories,2023,May,0
36,Senlo MDL,Senlo,Accessories,2023,June,0
36,Senlo MDL,Senlo,Accessories,2023,July,0
36,Senlo MDL,Senlo,Accessories,2023,August,0
36,Senlo MDL,Senlo,Accessories,2023,September,0
36,Senlo MDL,Senlo,Accessories,2023,October,0
36,Senlo MDL,Senlo,Accessories,2023,November,0
36,Senlo MDL,Senlo,Accessories,2023,December,0
36,Senlo MDL,Senlo,Accessories,2024,January,2
36,Senlo MDL,Senlo,Accessories,2024,February,1
36,Senlo MDL,Senlo,Accessories,2024,March,1
36,Senlo MDL,Senlo,Accessories,2024,April,0
36,Senlo MDL,Senlo,Accessories,2024,May,0
36,Senlo MDL,Senlo,Accessories,2024,June,1
36,Senlo MDL,Senlo,Accessories,2024,July,0
36,Senlo MDL,Senlo,Accessories,2024,August,1
36,Senlo MDL,Senlo,Accessories,2024,September,0
36,Senlo MDL,Senlo,Accessories,2024,October,0
36,Senlo MDL,Senlo,Accessories,2024,November,1
36,Senlo MDL,Senlo,Accessories,2024,December,1
36,Senlo MDL,Senlo,Accessories,2025,January,0
36,Senlo MDL,Senlo,Accessories,2025,February,0
36,Senlo MDL,Senlo,Accessories,2025,March,1
36,Senlo MDL,Senlo,Accessories,2025,April,0
36,Senlo MDL,Senlo,Accessories,2025,May,0
36,Senlo MDL,Senlo,Accessories,2025,June,0
36,Senlo MDL,Senlo,Accessories,2025,July,0
36,Senlo MDL,Senlo,Accessories,2025,August,0
36,Senlo MDL,Senlo,Accessories,2025,September,1
36,Senlo MDL,Senlo,Accessories,2025,October,4
36,Senlo MDL,Senlo,Accessories,2025,November,1
36,Senlo MDL,Senlo,Accessories,2025,December,1
36,Senlo MDL,Senlo,Accessories,2026,January,4
36,Senlo MDL,Senlo,Accessories,2026,February,1
36,Senlo MDL,Senlo,Accessories,2026,March,4
36,Senlo MDL,Senlo,Accessories,2026,April,2
36,Senlo MDL,Senlo,Accessories,2026,May,3
37,RCB Hand Grip Nagamaki,Racing Boy,Accessories,2023,January,0
37,RCB Hand Grip Nagamaki,Racing Boy,Accessories,2023,February,0
37,RCB Hand Grip Nagamaki,Racing Boy,Accessories,2023,March,0
37,RCB Hand Grip Nagamaki,Racing Boy,Accessories,2023,April,0
37,RCB Hand Grip Nagamaki,Racing Boy,Accessories,2023,May,0
37,RCB Hand Grip Nagamaki,Racing Boy,Accessories,2023,June,0
37,RCB Hand Grip Nagamaki,Racing Boy,Accessories,2023,July,0
37,RCB Hand Grip Nagamaki,Racing Boy,Accessories,2023,August,0
37,RCB Hand Grip Nagamaki,Racing Boy,Accessories,2023,September,0
37,RCB Hand Grip Nagamaki,Racing Boy,Accessories,2023,October,0
37,RCB Hand Grip Nagamaki,Racing Boy,Accessories,2023,November,0
37,RCB Hand Grip Nagamaki,Racing Boy,Accessories,2023,December,0
37,RCB Hand Grip Nagamaki,Racing Boy,Accessories,2024,January,0
37,RCB Hand Grip Nagamaki,Racing Boy,Accessories,2024,February,0
37,RCB Hand Grip Nagamaki,Racing Boy,Accessories,2024,March,0
37,RCB Hand Grip Nagamaki,Racing Boy,Accessories,2024,April,0
37,RCB Hand Grip Nagamaki,Racing Boy,Accessories,2024,May,0
37,RCB Hand Grip Nagamaki,Racing Boy,Accessories,2024,June,0
37,RCB Hand Grip Nagamaki,Racing Boy,Accessories,2024,July,0
37,RCB Hand Grip Nagamaki,Racing Boy,Accessories,2024,August,0
37,RCB Hand Grip Nagamaki,Racing Boy,Accessories,2024,September,0
37,RCB Hand Grip Nagamaki,Racing Boy,Accessories,2024,October,0
37,RCB Hand Grip Nagamaki,Racing Boy,Accessories,2024,November,0
37,RCB Hand Grip Nagamaki,Racing Boy,Accessories,2024,December,1
37,RCB Hand Grip Nagamaki,Racing Boy,Accessories,2025,January,0
37,RCB Hand Grip Nagamaki,Racing Boy,Accessories,2025,February,0
37,RCB Hand Grip Nagamaki,Racing Boy,Accessories,2025,March,0
37,RCB Hand Grip Nagamaki,Racing Boy,Accessories,2025,April,0
37,RCB Hand Grip Nagamaki,Racing Boy,Accessories,2025,May,0
37,RCB Hand Grip Nagamaki,Racing Boy,Accessories,2025,June,0
37,RCB Hand Grip Nagamaki,Racing Boy,Accessories,2025,July,0
37,RCB Hand Grip Nagamaki,Racing Boy,Accessories,2025,August,2
37,RCB Hand Grip Nagamaki,Racing Boy,Accessories,2025,September,0
37,RCB Hand Grip Nagamaki,Racing Boy,Accessories,2025,October,0
37,RCB Hand Grip Nagamaki,Racing Boy,Accessories,2025,November,1
37,RCB Hand Grip Nagamaki,Racing Boy,Accessories,2025,December,0
37,RCB Hand Grip Nagamaki,Racing Boy,Accessories,2026,January,6
37,RCB Hand Grip Nagamaki,Racing Boy,Accessories,2026,February,2
37,RCB Hand Grip Nagamaki,Racing Boy,Accessories,2026,March,2
37,RCB Hand Grip Nagamaki,Racing Boy,Accessories,2026,April,1
37,RCB Hand Grip Nagamaki,Racing Boy,Accessories,2026,May,3
38,RCB Brake Master,Racing Boy,Accessories,2023,January,0
38,RCB Brake Master,Racing Boy,Accessories,2023,February,0
38,RCB Brake Master,Racing Boy,Accessories,2023,March,0
38,RCB Brake Master,Racing Boy,Accessories,2023,April,0
38,RCB Brake Master,Racing Boy,Accessories,2023,May,0
38,RCB Brake Master,Racing Boy,Accessories,2023,June,0
38,RCB Brake Master,Racing Boy,Accessories,2023,July,0
38,RCB Brake Master,Racing Boy,Accessories,2023,August,1
38,RCB Brake Master,Racing Boy,Accessories,2023,September,0
38,RCB Brake Master,Racing Boy,Accessories,2023,October,0
38,RCB Brake Master,Racing Boy,Accessories,2023,November,0
38,RCB Brake Master,Racing Boy,Accessories,2023,December,0
38,RCB Brake Master,Racing Boy,Accessories,2024,January,0
38,RCB Brake Master,Racing Boy,Accessories,2024,February,0
38,RCB Brake Master,Racing Boy,Accessories,2024,March,0
38,RCB Brake Master,Racing Boy,Accessories,2024,April,0
38,RCB Brake Master,Racing Boy,Accessories,2024,May,0
38,RCB Brake Master,Racing Boy,Accessories,2024,June,2
38,RCB Brake Master,Racing Boy,Accessories,2024,July,1
38,RCB Brake Master,Racing Boy,Accessories,2024,August,0
38,RCB Brake Master,Racing Boy,Accessories,2024,September,0
38,RCB Brake Master,Racing Boy,Accessories,2024,October,1
38,RCB Brake Master,Racing Boy,Accessories,2024,November,0
38,RCB Brake Master,Racing Boy,Accessories,2024,December,0
38,RCB Brake Master,Racing Boy,Accessories,2025,January,1
38,RCB Brake Master,Racing Boy,Accessories,2025,February,1
38,RCB Brake Master,Racing Boy,Accessories,2025,March,0
38,RCB Brake Master,Racing Boy,Accessories,2025,April,0
38,RCB Brake Master,Racing Boy,Accessories,2025,May,0
38,RCB Brake Master,Racing Boy,Accessories,2025,June,0
38,RCB Brake Master,Racing Boy,Accessories,2025,July,0
38,RCB Brake Master,Racing Boy,Accessories,2025,August,0
38,RCB Brake Master,Racing Boy,Accessories,2025,September,0
38,RCB Brake Master,Racing Boy,Accessories,2025,October,1
38,RCB Brake Master,Racing Boy,Accessories,2025,November,0
38,RCB Brake Master,Racing Boy,Accessories,2025,December,1
38,RCB Brake Master,Racing Boy,Accessories,2026,January,2
38,RCB Brake Master,Racing Boy,Accessories,2026,February,3
38,RCB Brake Master,Racing Boy,Accessories,2026,March,5
38,RCB Brake Master,Racing Boy,Accessories,2026,April,1
38,RCB Brake Master,Racing Boy,Accessories,2026,May,2
39,JVT Clutch Shoe,JVT,Racing Parts,2023,January,0
39,JVT Clutch Shoe,JVT,Racing Parts,2023,February,1
39,JVT Clutch Shoe,JVT,Racing Parts,2023,March,2
39,JVT Clutch Shoe,JVT,Racing Parts,2023,April,0
39,JVT Clutch Shoe,JVT,Racing Parts,2023,May,0
39,JVT Clutch Shoe,JVT,Racing Parts,2023,June,0
39,JVT Clutch Shoe,JVT,Racing Parts,2023,July,0
39,JVT Clutch Shoe,JVT,Racing Parts,2023,August,1
39,JVT Clutch Shoe,JVT,Racing Parts,2023,September,0
39,JVT Clutch Shoe,JVT,Racing Parts,2023,October,0
39,JVT Clutch Shoe,JVT,Racing Parts,2023,November,3
39,JVT Clutch Shoe,JVT,Racing Parts,2023,December,1
39,JVT Clutch Shoe,JVT,Racing Parts,2024,January,2
39,JVT Clutch Shoe,JVT,Racing Parts,2024,February,3
39,JVT Clutch Shoe,JVT,Racing Parts,2024,March,0
39,JVT Clutch Shoe,JVT,Racing Parts,2024,April,0
39,JVT Clutch Shoe,JVT,Racing Parts,2024,May,1
39,JVT Clutch Shoe,JVT,Racing Parts,2024,June,0
39,JVT Clutch Shoe,JVT,Racing Parts,2024,July,1
39,JVT Clutch Shoe,JVT,Racing Parts,2024,August,1
39,JVT Clutch Shoe,JVT,Racing Parts,2024,September,0
39,JVT Clutch Shoe,JVT,Racing Parts,2024,October,0
39,JVT Clutch Shoe,JVT,Racing Parts,2024,November,1
39,JVT Clutch Shoe,JVT,Racing Parts,2024,December,1
39,JVT Clutch Shoe,JVT,Racing Parts,2025,January,3
39,JVT Clutch Shoe,JVT,Racing Parts,2025,February,1
39,JVT Clutch Shoe,JVT,Racing Parts,2025,March,1
39,JVT Clutch Shoe,JVT,Racing Parts,2025,April,0
39,JVT Clutch Shoe,JVT,Racing Parts,2025,May,2
39,JVT Clutch Shoe,JVT,Racing Parts,2025,June,0
39,JVT Clutch Shoe,JVT,Racing Parts,2025,July,3
39,JVT Clutch Shoe,JVT,Racing Parts,2025,August,1
39,JVT Clutch Shoe,JVT,Racing Parts,2025,September,1
39,JVT Clutch Shoe,JVT,Racing Parts,2025,October,4
39,JVT Clutch Shoe,JVT,Racing Parts,2025,November,1
39,JVT Clutch Shoe,JVT,Racing Parts,2025,December,1
39,JVT Clutch Shoe,JVT,Racing Parts,2026,January,4
39,JVT Clutch Shoe,JVT,Racing Parts,2026,February,3
39,JVT Clutch Shoe,JVT,Racing Parts,2026,March,5
39,JVT Clutch Shoe,JVT,Racing Parts,2026,April,1
39,JVT Clutch Shoe,JVT,Racing Parts,2026,May,0
40,Air Filter Click,Honda,Honda Genuine Parts,2023,January,0
40,Air Filter Click,Honda,Honda Genuine Parts,2023,February,0
40,Air Filter Click,Honda,Honda Genuine Parts,2023,March,1
40,Air Filter Click,Honda,Honda Genuine Parts,2023,April,1
40,Air Filter Click,Honda,Honda Genuine Parts,2023,May,2
40,Air Filter Click,Honda,Honda Genuine Parts,2023,June,0
40,Air Filter Click,Honda,Honda Genuine Parts,2023,July,0
40,Air Filter Click,Honda,Honda Genuine Parts,2023,August,3
40,Air Filter Click,Honda,Honda Genuine Parts,2023,September,1
40,Air Filter Click,Honda,Honda Genuine Parts,2023,October,1
40,Air Filter Click,Honda,Honda Genuine Parts,2023,November,2
40,Air Filter Click,Honda,Honda Genuine Parts,2023,December,5
40,Air Filter Click,Honda,Honda Genuine Parts,2024,January,2
40,Air Filter Click,Honda,Honda Genuine Parts,2024,February,1
40,Air Filter Click,Honda,Honda Genuine Parts,2024,March,2
40,Air Filter Click,Honda,Honda Genuine Parts,2024,April,0
40,Air Filter Click,Honda,Honda Genuine Parts,2024,May,0
40,Air Filter Click,Honda,Honda Genuine Parts,2024,June,0
40,Air Filter Click,Honda,Honda Genuine Parts,2024,July,2
40,Air Filter Click,Honda,Honda Genuine Parts,2024,August,1
40,Air Filter Click,Honda,Honda Genuine Parts,2024,September,1
40,Air Filter Click,Honda,Honda Genuine Parts,2024,October,1
40,Air Filter Click,Honda,Honda Genuine Parts,2024,November,3
40,Air Filter Click,Honda,Honda Genuine Parts,2024,December,3
40,Air Filter Click,Honda,Honda Genuine Parts,2025,January,1
40,Air Filter Click,Honda,Honda Genuine Parts,2025,February,2
40,Air Filter Click,Honda,Honda Genuine Parts,2025,March,1
40,Air Filter Click,Honda,Honda Genuine Parts,2025,April,0
40,Air Filter Click,Honda,Honda Genuine Parts,2025,May,0
40,Air Filter Click,Honda,Honda Genuine Parts,2025,June,0
40,Air Filter Click,Honda,Honda Genuine Parts,2025,July,0
40,Air Filter Click,Honda,Honda Genuine Parts,2025,August,0
40,Air Filter Click,Honda,Honda Genuine Parts,2025,September,1
40,Air Filter Click,Honda,Honda Genuine Parts,2025,October,1
40,Air Filter Click,Honda,Honda Genuine Parts,2025,November,1
40,Air Filter Click,Honda,Honda Genuine Parts,2025,December,1
40,Air Filter Click,Honda,Honda Genuine Parts,2026,January,1
40,Air Filter Click,Honda,Honda Genuine Parts,2026,February,3
40,Air Filter Click,Honda,Honda Genuine Parts,2026,March,3
40,Air Filter Click,Honda,Honda Genuine Parts,2026,April,3
40,Air Filter Click,Honda,Honda Genuine Parts,2026,May,3
41,Bearing 6300,Yamaha,Yamaha Genuine Parts,2023,January,0
41,Bearing 6300,Yamaha,Yamaha Genuine Parts,2023,February,0
41,Bearing 6300,Yamaha,Yamaha Genuine Parts,2023,March,0
41,Bearing 6300,Yamaha,Yamaha Genuine Parts,2023,April,0
41,Bearing 6300,Yamaha,Yamaha Genuine Parts,2023,May,0
41,Bearing 6300,Yamaha,Yamaha Genuine Parts,2023,June,0
41,Bearing 6300,Yamaha,Yamaha Genuine Parts,2023,July,2
41,Bearing 6300,Yamaha,Yamaha Genuine Parts,2023,August,8
41,Bearing 6300,Yamaha,Yamaha Genuine Parts,2023,September,4
41,Bearing 6300,Yamaha,Yamaha Genuine Parts,2023,October,7
41,Bearing 6300,Yamaha,Yamaha Genuine Parts,2023,November,0
41,Bearing 6300,Yamaha,Yamaha Genuine Parts,2023,December,3
41,Bearing 6300,Yamaha,Yamaha Genuine Parts,2024,January,1
41,Bearing 6300,Yamaha,Yamaha Genuine Parts,2024,February,0
41,Bearing 6300,Yamaha,Yamaha Genuine Parts,2024,March,2
41,Bearing 6300,Yamaha,Yamaha Genuine Parts,2024,April,1
41,Bearing 6300,Yamaha,Yamaha Genuine Parts,2024,May,0
41,Bearing 6300,Yamaha,Yamaha Genuine Parts,2024,June,1
41,Bearing 6300,Yamaha,Yamaha Genuine Parts,2024,July,0
41,Bearing 6300,Yamaha,Yamaha Genuine Parts,2024,August,3
41,Bearing 6300,Yamaha,Yamaha Genuine Parts,2024,September,2
41,Bearing 6300,Yamaha,Yamaha Genuine Parts,2024,October,1
41,Bearing 6300,Yamaha,Yamaha Genuine Parts,2024,November,4
41,Bearing 6300,Yamaha,Yamaha Genuine Parts,2024,December,2
41,Bearing 6300,Yamaha,Yamaha Genuine Parts,2025,January,2
41,Bearing 6300,Yamaha,Yamaha Genuine Parts,2025,February,0
41,Bearing 6300,Yamaha,Yamaha Genuine Parts,2025,March,0
41,Bearing 6300,Yamaha,Yamaha Genuine Parts,2025,April,4
41,Bearing 6300,Yamaha,Yamaha Genuine Parts,2025,May,2
41,Bearing 6300,Yamaha,Yamaha Genuine Parts,2025,June,0
41,Bearing 6300,Yamaha,Yamaha Genuine Parts,2025,July,5
41,Bearing 6300,Yamaha,Yamaha Genuine Parts,2025,August,4
41,Bearing 6300,Yamaha,Yamaha Genuine Parts,2025,September,4
41,Bearing 6300,Yamaha,Yamaha Genuine Parts,2025,October,4
41,Bearing 6300,Yamaha,Yamaha Genuine Parts,2025,November,2
41,Bearing 6300,Yamaha,Yamaha Genuine Parts,2025,December,4
41,Bearing 6300,Yamaha,Yamaha Genuine Parts,2026,January,0
41,Bearing 6300,Yamaha,Yamaha Genuine Parts,2026,February,6
41,Bearing 6300,Yamaha,Yamaha Genuine Parts,2026,March,4
41,Bearing 6300,Yamaha,Yamaha Genuine Parts,2026,April,2
41,Bearing 6300,Yamaha,Yamaha Genuine Parts,2026,May,1
42,Fuel Filter,Yamaha,Yamaha Genuine Parts,2023,January,0
42,Fuel Filter,Yamaha,Yamaha Genuine Parts,2023,February,0
42,Fuel Filter,Yamaha,Yamaha Genuine Parts,2023,March,3
42,Fuel Filter,Yamaha,Yamaha Genuine Parts,2023,April,0
42,Fuel Filter,Yamaha,Yamaha Genuine Parts,2023,May,2
42,Fuel Filter,Yamaha,Yamaha Genuine Parts,2023,June,4
42,Fuel Filter,Yamaha,Yamaha Genuine Parts,2023,July,2
42,Fuel Filter,Yamaha,Yamaha Genuine Parts,2023,August,2
42,Fuel Filter,Yamaha,Yamaha Genuine Parts,2023,September,0
42,Fuel Filter,Yamaha,Yamaha Genuine Parts,2023,October,2
42,Fuel Filter,Yamaha,Yamaha Genuine Parts,2023,November,3
42,Fuel Filter,Yamaha,Yamaha Genuine Parts,2023,December,5
42,Fuel Filter,Yamaha,Yamaha Genuine Parts,2024,January,3
42,Fuel Filter,Yamaha,Yamaha Genuine Parts,2024,February,3
42,Fuel Filter,Yamaha,Yamaha Genuine Parts,2024,March,1
42,Fuel Filter,Yamaha,Yamaha Genuine Parts,2024,April,1
42,Fuel Filter,Yamaha,Yamaha Genuine Parts,2024,May,2
42,Fuel Filter,Yamaha,Yamaha Genuine Parts,2024,June,2
42,Fuel Filter,Yamaha,Yamaha Genuine Parts,2024,July,1
42,Fuel Filter,Yamaha,Yamaha Genuine Parts,2024,August,0
42,Fuel Filter,Yamaha,Yamaha Genuine Parts,2024,September,5
42,Fuel Filter,Yamaha,Yamaha Genuine Parts,2024,October,3
42,Fuel Filter,Yamaha,Yamaha Genuine Parts,2024,November,2
42,Fuel Filter,Yamaha,Yamaha Genuine Parts,2024,December,0
42,Fuel Filter,Yamaha,Yamaha Genuine Parts,2025,January,7
42,Fuel Filter,Yamaha,Yamaha Genuine Parts,2025,February,4
42,Fuel Filter,Yamaha,Yamaha Genuine Parts,2025,March,1
42,Fuel Filter,Yamaha,Yamaha Genuine Parts,2025,April,4
42,Fuel Filter,Yamaha,Yamaha Genuine Parts,2025,May,2
42,Fuel Filter,Yamaha,Yamaha Genuine Parts,2025,June,8
42,Fuel Filter,Yamaha,Yamaha Genuine Parts,2025,July,3
42,Fuel Filter,Yamaha,Yamaha Genuine Parts,2025,August,3
42,Fuel Filter,Yamaha,Yamaha Genuine Parts,2025,September,2
42,Fuel Filter,Yamaha,Yamaha Genuine Parts,2025,October,5
42,Fuel Filter,Yamaha,Yamaha Genuine Parts,2025,November,3
42,Fuel Filter,Yamaha,Yamaha Genuine Parts,2025,December,0
42,Fuel Filter,Yamaha,Yamaha Genuine Parts,2026,January,1
42,Fuel Filter,Yamaha,Yamaha Genuine Parts,2026,February,5
42,Fuel Filter,Yamaha,Yamaha Genuine Parts,2026,March,2
42,Fuel Filter,Yamaha,Yamaha Genuine Parts,2026,April,0
42,Fuel Filter,Yamaha,Yamaha Genuine Parts,2026,May,4
43,Dual Contact,TDD,Accessories,2023,January,0
43,Dual Contact,TDD,Accessories,2023,February,2
43,Dual Contact,TDD,Accessories,2023,March,2
43,Dual Contact,TDD,Accessories,2023,April,0
43,Dual Contact,TDD,Accessories,2023,May,1
43,Dual Contact,TDD,Accessories,2023,June,2
43,Dual Contact,TDD,Accessories,2023,July,0
43,Dual Contact,TDD,Accessories,2023,August,1
43,Dual Contact,TDD,Accessories,2023,September,4
43,Dual Contact,TDD,Accessories,2023,October,4
43,Dual Contact,TDD,Accessories,2023,November,1
43,Dual Contact,TDD,Accessories,2023,December,0
43,Dual Contact,TDD,Accessories,2024,January,1
43,Dual Contact,TDD,Accessories,2024,February,1
43,Dual Contact,TDD,Accessories,2024,March,0
43,Dual Contact,TDD,Accessories,2024,April,0
43,Dual Contact,TDD,Accessories,2024,May,0
43,Dual Contact,TDD,Accessories,2024,June,1
43,Dual Contact,TDD,Accessories,2024,July,1
43,Dual Contact,TDD,Accessories,2024,August,2
43,Dual Contact,TDD,Accessories,2024,September,0
43,Dual Contact,TDD,Accessories,2024,October,2
43,Dual Contact,TDD,Accessories,2024,November,3
43,Dual Contact,TDD,Accessories,2024,December,3
43,Dual Contact,TDD,Accessories,2025,January,7
43,Dual Contact,TDD,Accessories,2025,February,6
43,Dual Contact,TDD,Accessories,2025,March,1
43,Dual Contact,TDD,Accessories,2025,April,0
43,Dual Contact,TDD,Accessories,2025,May,0
43,Dual Contact,TDD,Accessories,2025,June,4
43,Dual Contact,TDD,Accessories,2025,July,1
43,Dual Contact,TDD,Accessories,2025,August,2
43,Dual Contact,TDD,Accessories,2025,September,1
43,Dual Contact,TDD,Accessories,2025,October,2
43,Dual Contact,TDD,Accessories,2025,November,0
43,Dual Contact,TDD,Accessories,2025,December,0
43,Dual Contact,TDD,Accessories,2026,January,2
43,Dual Contact,TDD,Accessories,2026,February,5
43,Dual Contact,TDD,Accessories,2026,March,4
43,Dual Contact,TDD,Accessories,2026,April,0
43,Dual Contact,TDD,Accessories,2026,May,1
44,Manual Tensioner,Pztech,Maintenance,2023,January,0
44,Manual Tensioner,Pztech,Maintenance,2023,February,0
44,Manual Tensioner,Pztech,Maintenance,2023,March,0
44,Manual Tensioner,Pztech,Maintenance,2023,April,0
44,Manual Tensioner,Pztech,Maintenance,2023,May,0
44,Manual Tensioner,Pztech,Maintenance,2023,June,0
44,Manual Tensioner,Pztech,Maintenance,2023,July,0
44,Manual Tensioner,Pztech,Maintenance,2023,August,0
44,Manual Tensioner,Pztech,Maintenance,2023,September,0
44,Manual Tensioner,Pztech,Maintenance,2023,October,0
44,Manual Tensioner,Pztech,Maintenance,2023,November,0
44,Manual Tensioner,Pztech,Maintenance,2023,December,0
44,Manual Tensioner,Pztech,Maintenance,2024,January,1
44,Manual Tensioner,Pztech,Maintenance,2024,February,0
44,Manual Tensioner,Pztech,Maintenance,2024,March,1
44,Manual Tensioner,Pztech,Maintenance,2024,April,1
44,Manual Tensioner,Pztech,Maintenance,2024,May,1
44,Manual Tensioner,Pztech,Maintenance,2024,June,1
44,Manual Tensioner,Pztech,Maintenance,2024,July,2
44,Manual Tensioner,Pztech,Maintenance,2024,August,1
44,Manual Tensioner,Pztech,Maintenance,2024,September,3
44,Manual Tensioner,Pztech,Maintenance,2024,October,1
44,Manual Tensioner,Pztech,Maintenance,2024,November,1
44,Manual Tensioner,Pztech,Maintenance,2024,December,4
44,Manual Tensioner,Pztech,Maintenance,2025,January,2
44,Manual Tensioner,Pztech,Maintenance,2025,February,0
44,Manual Tensioner,Pztech,Maintenance,2025,March,5
44,Manual Tensioner,Pztech,Maintenance,2025,April,0
44,Manual Tensioner,Pztech,Maintenance,2025,May,1
44,Manual Tensioner,Pztech,Maintenance,2025,June,2
44,Manual Tensioner,Pztech,Maintenance,2025,July,0
44,Manual Tensioner,Pztech,Maintenance,2025,August,2
44,Manual Tensioner,Pztech,Maintenance,2025,September,0
44,Manual Tensioner,Pztech,Maintenance,2025,October,3
44,Manual Tensioner,Pztech,Maintenance,2025,November,3
44,Manual Tensioner,Pztech,Maintenance,2025,December,0
44,Manual Tensioner,Pztech,Maintenance,2026,January,2
44,Manual Tensioner,Pztech,Maintenance,2026,February,5
44,Manual Tensioner,Pztech,Maintenance,2026,March,1
44,Manual Tensioner,Pztech,Maintenance,2026,April,2
44,Manual Tensioner,Pztech,Maintenance,2026,May,2
45,Shell Scooter,Shell,Maintenance,2023,January,1
45,Shell Scooter,Shell,Maintenance,2023,February,2
45,Shell Scooter,Shell,Maintenance,2023,March,3
45,Shell Scooter,Shell,Maintenance,2023,April,1
45,Shell Scooter,Shell,Maintenance,2023,May,4
45,Shell Scooter,Shell,Maintenance,2023,June,2
45,Shell Scooter,Shell,Maintenance,2023,July,2
45,Shell Scooter,Shell,Maintenance,2023,August,2
45,Shell Scooter,Shell,Maintenance,2023,September,2
45,Shell Scooter,Shell,Maintenance,2023,October,3
45,Shell Scooter,Shell,Maintenance,2023,November,5
45,Shell Scooter,Shell,Maintenance,2023,December,2
45,Shell Scooter,Shell,Maintenance,2024,January,5
45,Shell Scooter,Shell,Maintenance,2024,February,0
45,Shell Scooter,Shell,Maintenance,2024,March,1
45,Shell Scooter,Shell,Maintenance,2024,April,0
45,Shell Scooter,Shell,Maintenance,2024,May,1
45,Shell Scooter,Shell,Maintenance,2024,June,2
45,Shell Scooter,Shell,Maintenance,2024,July,0
45,Shell Scooter,Shell,Maintenance,2024,August,0
45,Shell Scooter,Shell,Maintenance,2024,September,1
45,Shell Scooter,Shell,Maintenance,2024,October,2
45,Shell Scooter,Shell,Maintenance,2024,November,2
45,Shell Scooter,Shell,Maintenance,2024,December,2
45,Shell Scooter,Shell,Maintenance,2025,January,7
45,Shell Scooter,Shell,Maintenance,2025,February,6
45,Shell Scooter,Shell,Maintenance,2025,March,4
45,Shell Scooter,Shell,Maintenance,2025,April,4
45,Shell Scooter,Shell,Maintenance,2025,May,5
45,Shell Scooter,Shell,Maintenance,2025,June,3
45,Shell Scooter,Shell,Maintenance,2025,July,3
45,Shell Scooter,Shell,Maintenance,2025,August,8
45,Shell Scooter,Shell,Maintenance,2025,September,2
45,Shell Scooter,Shell,Maintenance,2025,October,7
45,Shell Scooter,Shell,Maintenance,2025,November,2
45,Shell Scooter,Shell,Maintenance,2025,December,4
45,Shell Scooter,Shell,Maintenance,2026,January,1
45,Shell Scooter,Shell,Maintenance,2026,February,1
45,Shell Scooter,Shell,Maintenance,2026,March,4
45,Shell Scooter,Shell,Maintenance,2026,April,3
45,Shell Scooter,Shell,Maintenance,2026,May,3
46,Motul 800ml Matic,Motul,Maintenance,2023,January,2
46,Motul 800ml Matic,Motul,Maintenance,2023,February,2
46,Motul 800ml Matic,Motul,Maintenance,2023,March,1
46,Motul 800ml Matic,Motul,Maintenance,2023,April,0
46,Motul 800ml Matic,Motul,Maintenance,2023,May,0
46,Motul 800ml Matic,Motul,Maintenance,2023,June,0
46,Motul 800ml Matic,Motul,Maintenance,2023,July,0
46,Motul 800ml Matic,Motul,Maintenance,2023,August,0
46,Motul 800ml Matic,Motul,Maintenance,2023,September,0
46,Motul 800ml Matic,Motul,Maintenance,2023,October,1
46,Motul 800ml Matic,Motul,Maintenance,2023,November,0
46,Motul 800ml Matic,Motul,Maintenance,2023,December,0
46,Motul 800ml Matic,Motul,Maintenance,2024,January,2
46,Motul 800ml Matic,Motul,Maintenance,2024,February,0
46,Motul 800ml Matic,Motul,Maintenance,2024,March,0
46,Motul 800ml Matic,Motul,Maintenance,2024,April,0
46,Motul 800ml Matic,Motul,Maintenance,2024,May,1
46,Motul 800ml Matic,Motul,Maintenance,2024,June,2
46,Motul 800ml Matic,Motul,Maintenance,2024,July,1
46,Motul 800ml Matic,Motul,Maintenance,2024,August,3
46,Motul 800ml Matic,Motul,Maintenance,2024,September,0
46,Motul 800ml Matic,Motul,Maintenance,2024,October,2
46,Motul 800ml Matic,Motul,Maintenance,2024,November,0
46,Motul 800ml Matic,Motul,Maintenance,2024,December,3
46,Motul 800ml Matic,Motul,Maintenance,2025,January,0
46,Motul 800ml Matic,Motul,Maintenance,2025,February,0
46,Motul 800ml Matic,Motul,Maintenance,2025,March,0
46,Motul 800ml Matic,Motul,Maintenance,2025,April,0
46,Motul 800ml Matic,Motul,Maintenance,2025,May,0
46,Motul 800ml Matic,Motul,Maintenance,2025,June,0
46,Motul 800ml Matic,Motul,Maintenance,2025,July,0
46,Motul 800ml Matic,Motul,Maintenance,2025,August,0
46,Motul 800ml Matic,Motul,Maintenance,2025,September,0
46,Motul 800ml Matic,Motul,Maintenance,2025,October,4
46,Motul 800ml Matic,Motul,Maintenance,2025,November,4
46,Motul 800ml Matic,Motul,Maintenance,2025,December,0
46,Motul 800ml Matic,Motul,Maintenance,2026,January,1
46,Motul 800ml Matic,Motul,Maintenance,2026,February,1
46,Motul 800ml Matic,Motul,Maintenance,2026,March,4
46,Motul 800ml Matic,Motul,Maintenance,2026,April,2
46,Motul 800ml Matic,Motul,Maintenance,2026,May,4
47,Lumina Switch,Lumina,Accessories,2023,January,2
47,Lumina Switch,Lumina,Accessories,2023,February,6
47,Lumina Switch,Lumina,Accessories,2023,March,9
47,Lumina Switch,Lumina,Accessories,2023,April,3
47,Lumina Switch,Lumina,Accessories,2023,May,0
47,Lumina Switch,Lumina,Accessories,2023,June,0
47,Lumina Switch,Lumina,Accessories,2023,July,0
47,Lumina Switch,Lumina,Accessories,2023,August,0
47,Lumina Switch,Lumina,Accessories,2023,September,1
47,Lumina Switch,Lumina,Accessories,2023,October,0
47,Lumina Switch,Lumina,Accessories,2023,November,2
47,Lumina Switch,Lumina,Accessories,2023,December,1
47,Lumina Switch,Lumina,Accessories,2024,January,1
47,Lumina Switch,Lumina,Accessories,2024,February,2
47,Lumina Switch,Lumina,Accessories,2024,March,2
47,Lumina Switch,Lumina,Accessories,2024,April,1
47,Lumina Switch,Lumina,Accessories,2024,May,1
47,Lumina Switch,Lumina,Accessories,2024,June,2
47,Lumina Switch,Lumina,Accessories,2024,July,1
47,Lumina Switch,Lumina,Accessories,2024,August,3
47,Lumina Switch,Lumina,Accessories,2024,September,2
47,Lumina Switch,Lumina,Accessories,2024,October,1
47,Lumina Switch,Lumina,Accessories,2024,November,4
47,Lumina Switch,Lumina,Accessories,2024,December,2
47,Lumina Switch,Lumina,Accessories,2025,January,5
47,Lumina Switch,Lumina,Accessories,2025,February,5
47,Lumina Switch,Lumina,Accessories,2025,March,0
47,Lumina Switch,Lumina,Accessories,2025,April,0
47,Lumina Switch,Lumina,Accessories,2025,May,0
47,Lumina Switch,Lumina,Accessories,2025,June,0
47,Lumina Switch,Lumina,Accessories,2025,July,0
47,Lumina Switch,Lumina,Accessories,2025,August,0
47,Lumina Switch,Lumina,Accessories,2025,September,0
47,Lumina Switch,Lumina,Accessories,2025,October,4
47,Lumina Switch,Lumina,Accessories,2025,November,2
47,Lumina Switch,Lumina,Accessories,2025,December,0
47,Lumina Switch,Lumina,Accessories,2026,January,2
47,Lumina Switch,Lumina,Accessories,2026,February,2
47,Lumina Switch,Lumina,Accessories,2026,March,4
47,Lumina Switch,Lumina,Accessories,2026,April,1
47,Lumina Switch,Lumina,Accessories,2026,May,3
48,Magic Lowered Spring,Sun,Maintenance,2023,January,0
48,Magic Lowered Spring,Sun,Maintenance,2023,February,0
48,Magic Lowered Spring,Sun,Maintenance,2023,March,0
48,Magic Lowered Spring,Sun,Maintenance,2023,April,0
48,Magic Lowered Spring,Sun,Maintenance,2023,May,0
48,Magic Lowered Spring,Sun,Maintenance,2023,June,0
48,Magic Lowered Spring,Sun,Maintenance,2023,July,0
48,Magic Lowered Spring,Sun,Maintenance,2023,August,0
48,Magic Lowered Spring,Sun,Maintenance,2023,September,0
48,Magic Lowered Spring,Sun,Maintenance,2023,October,0
48,Magic Lowered Spring,Sun,Maintenance,2023,November,0
48,Magic Lowered Spring,Sun,Maintenance,2023,December,0
48,Magic Lowered Spring,Sun,Maintenance,2024,January,0
48,Magic Lowered Spring,Sun,Maintenance,2024,February,0
48,Magic Lowered Spring,Sun,Maintenance,2024,March,0
48,Magic Lowered Spring,Sun,Maintenance,2024,April,0
48,Magic Lowered Spring,Sun,Maintenance,2024,May,0
48,Magic Lowered Spring,Sun,Maintenance,2024,June,0
48,Magic Lowered Spring,Sun,Maintenance,2024,July,0
48,Magic Lowered Spring,Sun,Maintenance,2024,August,0
48,Magic Lowered Spring,Sun,Maintenance,2024,September,0
48,Magic Lowered Spring,Sun,Maintenance,2024,October,0
48,Magic Lowered Spring,Sun,Maintenance,2024,November,0
48,Magic Lowered Spring,Sun,Maintenance,2024,December,2
48,Magic Lowered Spring,Sun,Maintenance,2025,January,2
48,Magic Lowered Spring,Sun,Maintenance,2025,February,0
48,Magic Lowered Spring,Sun,Maintenance,2025,March,0
48,Magic Lowered Spring,Sun,Maintenance,2025,April,0
48,Magic Lowered Spring,Sun,Maintenance,2025,May,0
48,Magic Lowered Spring,Sun,Maintenance,2025,June,0
48,Magic Lowered Spring,Sun,Maintenance,2025,July,0
48,Magic Lowered Spring,Sun,Maintenance,2025,August,0
48,Magic Lowered Spring,Sun,Maintenance,2025,September,0
48,Magic Lowered Spring,Sun,Maintenance,2025,October,6
48,Magic Lowered Spring,Sun,Maintenance,2025,November,0
48,Magic Lowered Spring,Sun,Maintenance,2025,December,1
48,Magic Lowered Spring,Sun,Maintenance,2026,January,0
48,Magic Lowered Spring,Sun,Maintenance,2026,February,6
48,Magic Lowered Spring,Sun,Maintenance,2026,March,3
48,Magic Lowered Spring,Sun,Maintenance,2026,April,0
48,Magic Lowered Spring,Sun,Maintenance,2026,May,2
49,RCB Caliper R1,Racing Boy,Accessories,2023,January,0
49,RCB Caliper R1,Racing Boy,Accessories,2023,February,0
49,RCB Caliper R1,Racing Boy,Accessories,2023,March,0
49,RCB Caliper R1,Racing Boy,Accessories,2023,April,0
49,RCB Caliper R1,Racing Boy,Accessories,2023,May,0
49,RCB Caliper R1,Racing Boy,Accessories,2023,June,0
49,RCB Caliper R1,Racing Boy,Accessories,2023,July,0
49,RCB Caliper R1,Racing Boy,Accessories,2023,August,0
49,RCB Caliper R1,Racing Boy,Accessories,2023,September,0
49,RCB Caliper R1,Racing Boy,Accessories,2023,October,0
49,RCB Caliper R1,Racing Boy,Accessories,2023,November,0
49,RCB Caliper R1,Racing Boy,Accessories,2023,December,0
49,RCB Caliper R1,Racing Boy,Accessories,2024,January,0
49,RCB Caliper R1,Racing Boy,Accessories,2024,February,0
49,RCB Caliper R1,Racing Boy,Accessories,2024,March,0
49,RCB Caliper R1,Racing Boy,Accessories,2024,April,0
49,RCB Caliper R1,Racing Boy,Accessories,2024,May,0
49,RCB Caliper R1,Racing Boy,Accessories,2024,June,0
49,RCB Caliper R1,Racing Boy,Accessories,2024,July,0
49,RCB Caliper R1,Racing Boy,Accessories,2024,August,0
49,RCB Caliper R1,Racing Boy,Accessories,2024,September,0
49,RCB Caliper R1,Racing Boy,Accessories,2024,October,0
49,RCB Caliper R1,Racing Boy,Accessories,2024,November,0
49,RCB Caliper R1,Racing Boy,Accessories,2024,December,0
49,RCB Caliper R1,Racing Boy,Accessories,2025,January,1
49,RCB Caliper R1,Racing Boy,Accessories,2025,February,0
49,RCB Caliper R1,Racing Boy,Accessories,2025,March,1
49,RCB Caliper R1,Racing Boy,Accessories,2025,April,0
49,RCB Caliper R1,Racing Boy,Accessories,2025,May,0
49,RCB Caliper R1,Racing Boy,Accessories,2025,June,0
49,RCB Caliper R1,Racing Boy,Accessories,2025,July,2
49,RCB Caliper R1,Racing Boy,Accessories,2025,August,2
49,RCB Caliper R1,Racing Boy,Accessories,2025,September,2
49,RCB Caliper R1,Racing Boy,Accessories,2025,October,1
49,RCB Caliper R1,Racing Boy,Accessories,2025,November,2
49,RCB Caliper R1,Racing Boy,Accessories,2025,December,1
49,RCB Caliper R1,Racing Boy,Accessories,2026,January,0
49,RCB Caliper R1,Racing Boy,Accessories,2026,February,4
49,RCB Caliper R1,Racing Boy,Accessories,2026,March,3
49,RCB Caliper R1,Racing Boy,Accessories,2026,April,0
49,RCB Caliper R1,Racing Boy,Accessories,2026,May,3
50,RCB Big Disc,Racing Boy,Accessories,2023,January,0
50,RCB Big Disc,Racing Boy,Accessories,2023,February,0
50,RCB Big Disc,Racing Boy,Accessories,2023,March,0
50,RCB Big Disc,Racing Boy,Accessories,2023,April,1
50,RCB Big Disc,Racing Boy,Accessories,2023,May,0
50,RCB Big Disc,Racing Boy,Accessories,2023,June,1
50,RCB Big Disc,Racing Boy,Accessories,2023,July,0
50,RCB Big Disc,Racing Boy,Accessories,2023,August,0
50,RCB Big Disc,Racing Boy,Accessories,2023,September,0
50,RCB Big Disc,Racing Boy,Accessories,2023,October,0
50,RCB Big Disc,Racing Boy,Accessories,2023,November,0
50,RCB Big Disc,Racing Boy,Accessories,2023,December,0
50,RCB Big Disc,Racing Boy,Accessories,2024,January,1
50,RCB Big Disc,Racing Boy,Accessories,2024,February,0
50,RCB Big Disc,Racing Boy,Accessories,2024,March,0
50,RCB Big Disc,Racing Boy,Accessories,2024,April,0
50,RCB Big Disc,Racing Boy,Accessories,2024,May,0
50,RCB Big Disc,Racing Boy,Accessories,2024,June,0
50,RCB Big Disc,Racing Boy,Accessories,2024,July,0
50,RCB Big Disc,Racing Boy,Accessories,2024,August,0
50,RCB Big Disc,Racing Boy,Accessories,2024,September,0
50,RCB Big Disc,Racing Boy,Accessories,2024,October,0
50,RCB Big Disc,Racing Boy,Accessories,2024,November,1
50,RCB Big Disc,Racing Boy,Accessories,2024,December,0
50,RCB Big Disc,Racing Boy,Accessories,2025,January,3
50,RCB Big Disc,Racing Boy,Accessories,2025,February,1
50,RCB Big Disc,Racing Boy,Accessories,2025,March,0
50,RCB Big Disc,Racing Boy,Accessories,2025,April,0
50,RCB Big Disc,Racing Boy,Accessories,2025,May,0
50,RCB Big Disc,Racing Boy,Accessories,2025,June,1
50,RCB Big Disc,Racing Boy,Accessories,2025,July,0
50,RCB Big Disc,Racing Boy,Accessories,2025,August,1
50,RCB Big Disc,Racing Boy,Accessories,2025,September,2
50,RCB Big Disc,Racing Boy,Accessories,2025,October,2
50,RCB Big Disc,Racing Boy,Accessories,2025,November,1
50,RCB Big Disc,Racing Boy,Accessories,2025,December,0
50,RCB Big Disc,Racing Boy,Accessories,2026,January,1
50,RCB Big Disc,Racing Boy,Accessories,2026,February,3
50,RCB Big Disc,Racing Boy,Accessories,2026,March,4
50,RCB Big Disc,Racing Boy,Accessories,2026,April,0
50,RCB Big Disc,Racing Boy,Accessories,2026,May,2
51,CRP Cam,CRP,Racing Parts,2023,January,0
51,CRP Cam,CRP,Racing Parts,2023,February,0
51,CRP Cam,CRP,Racing Parts,2023,March,1
51,CRP Cam,CRP,Racing Parts,2023,April,0
51,CRP Cam,CRP,Racing Parts,2023,May,0
51,CRP Cam,CRP,Racing Parts,2023,June,0
51,CRP Cam,CRP,Racing Parts,2023,July,0
51,CRP Cam,CRP,Racing Parts,2023,August,0
51,CRP Cam,CRP,Racing Parts,2023,September,0
51,CRP Cam,CRP,Racing Parts,2023,October,0
51,CRP Cam,CRP,Racing Parts,2023,November,0
51,CRP Cam,CRP,Racing Parts,2023,December,0
51,CRP Cam,CRP,Racing Parts,2024,January,0
51,CRP Cam,CRP,Racing Parts,2024,February,0
51,CRP Cam,CRP,Racing Parts,2024,March,1
51,CRP Cam,CRP,Racing Parts,2024,April,0
51,CRP Cam,CRP,Racing Parts,2024,May,0
51,CRP Cam,CRP,Racing Parts,2024,June,1
51,CRP Cam,CRP,Racing Parts,2024,July,0
51,CRP Cam,CRP,Racing Parts,2024,August,1
51,CRP Cam,CRP,Racing Parts,2024,September,0
51,CRP Cam,CRP,Racing Parts,2024,October,0
51,CRP Cam,CRP,Racing Parts,2024,November,0
51,CRP Cam,CRP,Racing Parts,2024,December,0
51,CRP Cam,CRP,Racing Parts,2025,January,1
51,CRP Cam,CRP,Racing Parts,2025,February,0
51,CRP Cam,CRP,Racing Parts,2025,March,0
51,CRP Cam,CRP,Racing Parts,2025,April,0
51,CRP Cam,CRP,Racing Parts,2025,May,4
51,CRP Cam,CRP,Racing Parts,2025,June,1
51,CRP Cam,CRP,Racing Parts,2025,July,0
51,CRP Cam,CRP,Racing Parts,2025,August,0
51,CRP Cam,CRP,Racing Parts,2025,September,1
51,CRP Cam,CRP,Racing Parts,2025,October,3
51,CRP Cam,CRP,Racing Parts,2025,November,2
51,CRP Cam,CRP,Racing Parts,2025,December,0
51,CRP Cam,CRP,Racing Parts,2026,January,2
51,CRP Cam,CRP,Racing Parts,2026,February,2
51,CRP Cam,CRP,Racing Parts,2026,March,4
51,CRP Cam,CRP,Racing Parts,2026,April,2
51,CRP Cam,CRP,Racing Parts,2026,May,0
52,Torsion Control,NCY,Maintenance,2023,January,0
52,Torsion Control,NCY,Maintenance,2023,February,0
52,Torsion Control,NCY,Maintenance,2023,March,4
52,Torsion Control,NCY,Maintenance,2023,April,3
52,Torsion Control,NCY,Maintenance,2023,May,0
52,Torsion Control,NCY,Maintenance,2023,June,5
52,Torsion Control,NCY,Maintenance,2023,July,0
52,Torsion Control,NCY,Maintenance,2023,August,5
52,Torsion Control,NCY,Maintenance,2023,September,9
52,Torsion Control,NCY,Maintenance,2023,October,2
52,Torsion Control,NCY,Maintenance,2023,November,4
52,Torsion Control,NCY,Maintenance,2023,December,7
52,Torsion Control,NCY,Maintenance,2024,January,2
52,Torsion Control,NCY,Maintenance,2024,February,0
52,Torsion Control,NCY,Maintenance,2024,March,0
52,Torsion Control,NCY,Maintenance,2024,April,1
52,Torsion Control,NCY,Maintenance,2024,May,1
52,Torsion Control,NCY,Maintenance,2024,June,1
52,Torsion Control,NCY,Maintenance,2024,July,0
52,Torsion Control,NCY,Maintenance,2024,August,1
52,Torsion Control,NCY,Maintenance,2024,September,2
52,Torsion Control,NCY,Maintenance,2024,October,0
52,Torsion Control,NCY,Maintenance,2024,November,1
52,Torsion Control,NCY,Maintenance,2024,December,2
52,Torsion Control,NCY,Maintenance,2025,January,2
52,Torsion Control,NCY,Maintenance,2025,February,0
52,Torsion Control,NCY,Maintenance,2025,March,1
52,Torsion Control,NCY,Maintenance,2025,April,2
52,Torsion Control,NCY,Maintenance,2025,May,2
52,Torsion Control,NCY,Maintenance,2025,June,1
52,Torsion Control,NCY,Maintenance,2025,July,1
52,Torsion Control,NCY,Maintenance,2025,August,1
52,Torsion Control,NCY,Maintenance,2025,September,1
52,Torsion Control,NCY,Maintenance,2025,October,4
52,Torsion Control,NCY,Maintenance,2025,November,3
52,Torsion Control,NCY,Maintenance,2025,December,0
52,Torsion Control,NCY,Maintenance,2026,January,0
52,Torsion Control,NCY,Maintenance,2026,February,2
52,Torsion Control,NCY,Maintenance,2026,March,5
52,Torsion Control,NCY,Maintenance,2026,April,3
52,Torsion Control,NCY,Maintenance,2026,May,0
53,RCB Brake Shoe,Racing Boy,Maintenance,2023,January,0
53,RCB Brake Shoe,Racing Boy,Maintenance,2023,February,0
53,RCB Brake Shoe,Racing Boy,Maintenance,2023,March,1
53,RCB Brake Shoe,Racing Boy,Maintenance,2023,April,1
53,RCB Brake Shoe,Racing Boy,Maintenance,2023,May,2
53,RCB Brake Shoe,Racing Boy,Maintenance,2023,June,0
53,RCB Brake Shoe,Racing Boy,Maintenance,2023,July,0
53,RCB Brake Shoe,Racing Boy,Maintenance,2023,August,0
53,RCB Brake Shoe,Racing Boy,Maintenance,2023,September,0
53,RCB Brake Shoe,Racing Boy,Maintenance,2023,October,0
53,RCB Brake Shoe,Racing Boy,Maintenance,2023,November,0
53,RCB Brake Shoe,Racing Boy,Maintenance,2023,December,2
53,RCB Brake Shoe,Racing Boy,Maintenance,2024,January,0
53,RCB Brake Shoe,Racing Boy,Maintenance,2024,February,0
53,RCB Brake Shoe,Racing Boy,Maintenance,2024,March,1
53,RCB Brake Shoe,Racing Boy,Maintenance,2024,April,0
53,RCB Brake Shoe,Racing Boy,Maintenance,2024,May,1
53,RCB Brake Shoe,Racing Boy,Maintenance,2024,June,0
53,RCB Brake Shoe,Racing Boy,Maintenance,2024,July,0
53,RCB Brake Shoe,Racing Boy,Maintenance,2024,August,0
53,RCB Brake Shoe,Racing Boy,Maintenance,2024,September,1
53,RCB Brake Shoe,Racing Boy,Maintenance,2024,October,0
53,RCB Brake Shoe,Racing Boy,Maintenance,2024,November,2
53,RCB Brake Shoe,Racing Boy,Maintenance,2024,December,2
53,RCB Brake Shoe,Racing Boy,Maintenance,2025,January,1
53,RCB Brake Shoe,Racing Boy,Maintenance,2025,February,2
53,RCB Brake Shoe,Racing Boy,Maintenance,2025,March,4
53,RCB Brake Shoe,Racing Boy,Maintenance,2025,April,3
53,RCB Brake Shoe,Racing Boy,Maintenance,2025,May,2
53,RCB Brake Shoe,Racing Boy,Maintenance,2025,June,0
53,RCB Brake Shoe,Racing Boy,Maintenance,2025,July,1
53,RCB Brake Shoe,Racing Boy,Maintenance,2025,August,1
53,RCB Brake Shoe,Racing Boy,Maintenance,2025,September,0
53,RCB Brake Shoe,Racing Boy,Maintenance,2025,October,1
53,RCB Brake Shoe,Racing Boy,Maintenance,2025,November,4
53,RCB Brake Shoe,Racing Boy,Maintenance,2025,December,4
53,RCB Brake Shoe,Racing Boy,Maintenance,2026,January,0
53,RCB Brake Shoe,Racing Boy,Maintenance,2026,February,2
53,RCB Brake Shoe,Racing Boy,Maintenance,2026,March,4
53,RCB Brake Shoe,Racing Boy,Maintenance,2026,April,3
53,RCB Brake Shoe,Racing Boy,Maintenance,2026,May,1
54,BRD Radiator,BRD,Racing Parts,2023,January,0
54,BRD Radiator,BRD,Racing Parts,2023,February,0
54,BRD Radiator,BRD,Racing Parts,2023,March,1
54,BRD Radiator,BRD,Racing Parts,2023,April,1
54,BRD Radiator,BRD,Racing Parts,2023,May,1
54,BRD Radiator,BRD,Racing Parts,2023,June,0
54,BRD Radiator,BRD,Racing Parts,2023,July,0
54,BRD Radiator,BRD,Racing Parts,2023,August,0
54,BRD Radiator,BRD,Racing Parts,2023,September,0
54,BRD Radiator,BRD,Racing Parts,2023,October,0
54,BRD Radiator,BRD,Racing Parts,2023,November,0
54,BRD Radiator,BRD,Racing Parts,2023,December,0
54,BRD Radiator,BRD,Racing Parts,2024,January,0
54,BRD Radiator,BRD,Racing Parts,2024,February,1
54,BRD Radiator,BRD,Racing Parts,2024,March,0
54,BRD Radiator,BRD,Racing Parts,2024,April,0
54,BRD Radiator,BRD,Racing Parts,2024,May,1
54,BRD Radiator,BRD,Racing Parts,2024,June,0
54,BRD Radiator,BRD,Racing Parts,2024,July,0
54,BRD Radiator,BRD,Racing Parts,2024,August,1
54,BRD Radiator,BRD,Racing Parts,2024,September,0
54,BRD Radiator,BRD,Racing Parts,2024,October,0
54,BRD Radiator,BRD,Racing Parts,2024,November,0
54,BRD Radiator,BRD,Racing Parts,2024,December,0
54,BRD Radiator,BRD,Racing Parts,2025,January,1
54,BRD Radiator,BRD,Racing Parts,2025,February,2
54,BRD Radiator,BRD,Racing Parts,2025,March,1
54,BRD Radiator,BRD,Racing Parts,2025,April,5
54,BRD Radiator,BRD,Racing Parts,2025,May,0
54,BRD Radiator,BRD,Racing Parts,2025,June,3
54,BRD Radiator,BRD,Racing Parts,2025,July,0
54,BRD Radiator,BRD,Racing Parts,2025,August,1
54,BRD Radiator,BRD,Racing Parts,2025,September,0
54,BRD Radiator,BRD,Racing Parts,2025,October,2
54,BRD Radiator,BRD,Racing Parts,2025,November,2
54,BRD Radiator,BRD,Racing Parts,2025,December,1
54,BRD Radiator,BRD,Racing Parts,2026,January,1
54,BRD Radiator,BRD,Racing Parts,2026,February,6
54,BRD Radiator,BRD,Racing Parts,2026,March,1
54,BRD Radiator,BRD,Racing Parts,2026,April,1
54,BRD Radiator,BRD,Racing Parts,2026,May,0
55,JVT Clutch Assembly,JVT,Racing Parts,2023,January,0
55,JVT Clutch Assembly,JVT,Racing Parts,2023,February,0
55,JVT Clutch Assembly,JVT,Racing Parts,2023,March,0
55,JVT Clutch Assembly,JVT,Racing Parts,2023,April,0
55,JVT Clutch Assembly,JVT,Racing Parts,2023,May,1
55,JVT Clutch Assembly,JVT,Racing Parts,2023,June,1
55,JVT Clutch Assembly,JVT,Racing Parts,2023,July,0
55,JVT Clutch Assembly,JVT,Racing Parts,2023,August,0
55,JVT Clutch Assembly,JVT,Racing Parts,2023,September,0
55,JVT Clutch Assembly,JVT,Racing Parts,2023,October,0
55,JVT Clutch Assembly,JVT,Racing Parts,2023,November,0
55,JVT Clutch Assembly,JVT,Racing Parts,2023,December,1
55,JVT Clutch Assembly,JVT,Racing Parts,2024,January,0
55,JVT Clutch Assembly,JVT,Racing Parts,2024,February,0
55,JVT Clutch Assembly,JVT,Racing Parts,2024,March,0
55,JVT Clutch Assembly,JVT,Racing Parts,2024,April,0
55,JVT Clutch Assembly,JVT,Racing Parts,2024,May,0
55,JVT Clutch Assembly,JVT,Racing Parts,2024,June,0
55,JVT Clutch Assembly,JVT,Racing Parts,2024,July,1
55,JVT Clutch Assembly,JVT,Racing Parts,2024,August,0
55,JVT Clutch Assembly,JVT,Racing Parts,2024,September,0
55,JVT Clutch Assembly,JVT,Racing Parts,2024,October,1
55,JVT Clutch Assembly,JVT,Racing Parts,2024,November,0
55,JVT Clutch Assembly,JVT,Racing Parts,2024,December,0
55,JVT Clutch Assembly,JVT,Racing Parts,2025,January,0
55,JVT Clutch Assembly,JVT,Racing Parts,2025,February,3
55,JVT Clutch Assembly,JVT,Racing Parts,2025,March,0
55,JVT Clutch Assembly,JVT,Racing Parts,2025,April,1
55,JVT Clutch Assembly,JVT,Racing Parts,2025,May,1
55,JVT Clutch Assembly,JVT,Racing Parts,2025,June,1
55,JVT Clutch Assembly,JVT,Racing Parts,2025,July,0
55,JVT Clutch Assembly,JVT,Racing Parts,2025,August,0
55,JVT Clutch Assembly,JVT,Racing Parts,2025,September,0
55,JVT Clutch Assembly,JVT,Racing Parts,2025,October,2
55,JVT Clutch Assembly,JVT,Racing Parts,2025,November,2
55,JVT Clutch Assembly,JVT,Racing Parts,2025,December,0
55,JVT Clutch Assembly,JVT,Racing Parts,2026,January,1
55,JVT Clutch Assembly,JVT,Racing Parts,2026,February,2
55,JVT Clutch Assembly,JVT,Racing Parts,2026,March,2
55,JVT Clutch Assembly,JVT,Racing Parts,2026,April,4
55,JVT Clutch Assembly,JVT,Racing Parts,2026,May,0
56,JVT Bell,JVT,Racing Parts,2023,January,0
56,JVT Bell,JVT,Racing Parts,2023,February,0
56,JVT Bell,JVT,Racing Parts,2023,March,2
56,JVT Bell,JVT,Racing Parts,2023,April,1
56,JVT Bell,JVT,Racing Parts,2023,May,0
56,JVT Bell,JVT,Racing Parts,2023,June,0
56,JVT Bell,JVT,Racing Parts,2023,July,0
56,JVT Bell,JVT,Racing Parts,2023,August,0
56,JVT Bell,JVT,Racing Parts,2023,September,0
56,JVT Bell,JVT,Racing Parts,2023,October,1
56,JVT Bell,JVT,Racing Parts,2023,November,0
56,JVT Bell,JVT,Racing Parts,2023,December,1
56,JVT Bell,JVT,Racing Parts,2024,January,3
56,JVT Bell,JVT,Racing Parts,2024,February,2
56,JVT Bell,JVT,Racing Parts,2024,March,0
56,JVT Bell,JVT,Racing Parts,2024,April,0
56,JVT Bell,JVT,Racing Parts,2024,May,0
56,JVT Bell,JVT,Racing Parts,2024,June,1
56,JVT Bell,JVT,Racing Parts,2024,July,1
56,JVT Bell,JVT,Racing Parts,2024,August,1
56,JVT Bell,JVT,Racing Parts,2024,September,2
56,JVT Bell,JVT,Racing Parts,2024,October,0
56,JVT Bell,JVT,Racing Parts,2024,November,2
56,JVT Bell,JVT,Racing Parts,2024,December,0
56,JVT Bell,JVT,Racing Parts,2025,January,2
56,JVT Bell,JVT,Racing Parts,2025,February,3
56,JVT Bell,JVT,Racing Parts,2025,March,0
56,JVT Bell,JVT,Racing Parts,2025,April,4
56,JVT Bell,JVT,Racing Parts,2025,May,0
56,JVT Bell,JVT,Racing Parts,2025,June,1
56,JVT Bell,JVT,Racing Parts,2025,July,0
56,JVT Bell,JVT,Racing Parts,2025,August,0
56,JVT Bell,JVT,Racing Parts,2025,September,1
56,JVT Bell,JVT,Racing Parts,2025,October,3
56,JVT Bell,JVT,Racing Parts,2025,November,0
56,JVT Bell,JVT,Racing Parts,2025,December,1
56,JVT Bell,JVT,Racing Parts,2026,January,0
56,JVT Bell,JVT,Racing Parts,2026,February,1
56,JVT Bell,JVT,Racing Parts,2026,March,3
56,JVT Bell,JVT,Racing Parts,2026,April,5
56,JVT Bell,JVT,Racing Parts,2026,May,0
57,Piston Ring,Yamaha,Yamaha Genuine Parts,2023,January,0
57,Piston Ring,Yamaha,Yamaha Genuine Parts,2023,February,2
57,Piston Ring,Yamaha,Yamaha Genuine Parts,2023,March,0
57,Piston Ring,Yamaha,Yamaha Genuine Parts,2023,April,1
57,Piston Ring,Yamaha,Yamaha Genuine Parts,2023,May,2
57,Piston Ring,Yamaha,Yamaha Genuine Parts,2023,June,4
57,Piston Ring,Yamaha,Yamaha Genuine Parts,2023,July,3
57,Piston Ring,Yamaha,Yamaha Genuine Parts,2023,August,4
57,Piston Ring,Yamaha,Yamaha Genuine Parts,2023,September,1
57,Piston Ring,Yamaha,Yamaha Genuine Parts,2023,October,1
57,Piston Ring,Yamaha,Yamaha Genuine Parts,2023,November,1
57,Piston Ring,Yamaha,Yamaha Genuine Parts,2023,December,3
57,Piston Ring,Yamaha,Yamaha Genuine Parts,2024,January,1
57,Piston Ring,Yamaha,Yamaha Genuine Parts,2024,February,0
57,Piston Ring,Yamaha,Yamaha Genuine Parts,2024,March,0
57,Piston Ring,Yamaha,Yamaha Genuine Parts,2024,April,0
57,Piston Ring,Yamaha,Yamaha Genuine Parts,2024,May,1
57,Piston Ring,Yamaha,Yamaha Genuine Parts,2024,June,1
57,Piston Ring,Yamaha,Yamaha Genuine Parts,2024,July,0
57,Piston Ring,Yamaha,Yamaha Genuine Parts,2024,August,0
57,Piston Ring,Yamaha,Yamaha Genuine Parts,2024,September,0
57,Piston Ring,Yamaha,Yamaha Genuine Parts,2024,October,0
57,Piston Ring,Yamaha,Yamaha Genuine Parts,2024,November,2
57,Piston Ring,Yamaha,Yamaha Genuine Parts,2024,December,1
57,Piston Ring,Yamaha,Yamaha Genuine Parts,2025,January,2
57,Piston Ring,Yamaha,Yamaha Genuine Parts,2025,February,1
57,Piston Ring,Yamaha,Yamaha Genuine Parts,2025,March,0
57,Piston Ring,Yamaha,Yamaha Genuine Parts,2025,April,0
57,Piston Ring,Yamaha,Yamaha Genuine Parts,2025,May,0
57,Piston Ring,Yamaha,Yamaha Genuine Parts,2025,June,0
57,Piston Ring,Yamaha,Yamaha Genuine Parts,2025,July,1
57,Piston Ring,Yamaha,Yamaha Genuine Parts,2025,August,0
57,Piston Ring,Yamaha,Yamaha Genuine Parts,2025,September,0
57,Piston Ring,Yamaha,Yamaha Genuine Parts,2025,October,0
57,Piston Ring,Yamaha,Yamaha Genuine Parts,2025,November,0
57,Piston Ring,Yamaha,Yamaha Genuine Parts,2025,December,0
57,Piston Ring,Yamaha,Yamaha Genuine Parts,2026,January,5
57,Piston Ring,Yamaha,Yamaha Genuine Parts,2026,February,2
57,Piston Ring,Yamaha,Yamaha Genuine Parts,2026,March,0
57,Piston Ring,Yamaha,Yamaha Genuine Parts,2026,April,2
57,Piston Ring,Yamaha,Yamaha Genuine Parts,2026,May,0
58,Timing Chain,Yamaha,Maintenance,2023,January,0
58,Timing Chain,Yamaha,Maintenance,2023,February,0
58,Timing Chain,Yamaha,Maintenance,2023,March,0
58,Timing Chain,Yamaha,Maintenance,2023,April,0
58,Timing Chain,Yamaha,Maintenance,2023,May,0
58,Timing Chain,Yamaha,Maintenance,2023,June,0
58,Timing Chain,Yamaha,Maintenance,2023,July,0
58,Timing Chain,Yamaha,Maintenance,2023,August,0
58,Timing Chain,Yamaha,Maintenance,2023,September,0
58,Timing Chain,Yamaha,Maintenance,2023,October,0
58,Timing Chain,Yamaha,Maintenance,2023,November,0
58,Timing Chain,Yamaha,Maintenance,2023,December,0
58,Timing Chain,Yamaha,Maintenance,2024,January,1
58,Timing Chain,Yamaha,Maintenance,2024,February,0
58,Timing Chain,Yamaha,Maintenance,2024,March,0
58,Timing Chain,Yamaha,Maintenance,2024,April,0
58,Timing Chain,Yamaha,Maintenance,2024,May,0
58,Timing Chain,Yamaha,Maintenance,2024,June,0
58,Timing Chain,Yamaha,Maintenance,2024,July,0
58,Timing Chain,Yamaha,Maintenance,2024,August,0
58,Timing Chain,Yamaha,Maintenance,2024,September,0
58,Timing Chain,Yamaha,Maintenance,2024,October,0
58,Timing Chain,Yamaha,Maintenance,2024,November,0
58,Timing Chain,Yamaha,Maintenance,2024,December,0
58,Timing Chain,Yamaha,Maintenance,2025,January,0
58,Timing Chain,Yamaha,Maintenance,2025,February,0
58,Timing Chain,Yamaha,Maintenance,2025,March,2
58,Timing Chain,Yamaha,Maintenance,2025,April,1
58,Timing Chain,Yamaha,Maintenance,2025,May,2
58,Timing Chain,Yamaha,Maintenance,2025,June,0
58,Timing Chain,Yamaha,Maintenance,2025,July,0
58,Timing Chain,Yamaha,Maintenance,2025,August,1
58,Timing Chain,Yamaha,Maintenance,2025,September,4
58,Timing Chain,Yamaha,Maintenance,2025,October,3
58,Timing Chain,Yamaha,Maintenance,2025,November,0
58,Timing Chain,Yamaha,Maintenance,2025,December,2
58,Timing Chain,Yamaha,Maintenance,2026,January,1
58,Timing Chain,Yamaha,Maintenance,2026,February,3
58,Timing Chain,Yamaha,Maintenance,2026,March,1
58,Timing Chain,Yamaha,Maintenance,2026,April,4
58,Timing Chain,Yamaha,Maintenance,2026,May,0
59,Top1 Coolant,Top1,Maintenance,2023,January,1
59,Top1 Coolant,Top1,Maintenance,2023,February,0
59,Top1 Coolant,Top1,Maintenance,2023,March,0
59,Top1 Coolant,Top1,Maintenance,2023,April,0
59,Top1 Coolant,Top1,Maintenance,2023,May,6
59,Top1 Coolant,Top1,Maintenance,2023,June,1
59,Top1 Coolant,Top1,Maintenance,2023,July,2
59,Top1 Coolant,Top1,Maintenance,2023,August,6
59,Top1 Coolant,Top1,Maintenance,2023,September,1
59,Top1 Coolant,Top1,Maintenance,2023,October,1
59,Top1 Coolant,Top1,Maintenance,2023,November,0
59,Top1 Coolant,Top1,Maintenance,2023,December,1
59,Top1 Coolant,Top1,Maintenance,2024,January,1
59,Top1 Coolant,Top1,Maintenance,2024,February,2
59,Top1 Coolant,Top1,Maintenance,2024,March,2
59,Top1 Coolant,Top1,Maintenance,2024,April,1
59,Top1 Coolant,Top1,Maintenance,2024,May,0
59,Top1 Coolant,Top1,Maintenance,2024,June,1
59,Top1 Coolant,Top1,Maintenance,2024,July,1
59,Top1 Coolant,Top1,Maintenance,2024,August,2
59,Top1 Coolant,Top1,Maintenance,2024,September,0
59,Top1 Coolant,Top1,Maintenance,2024,October,1
59,Top1 Coolant,Top1,Maintenance,2024,November,0
59,Top1 Coolant,Top1,Maintenance,2024,December,1
59,Top1 Coolant,Top1,Maintenance,2025,January,5
59,Top1 Coolant,Top1,Maintenance,2025,February,2
59,Top1 Coolant,Top1,Maintenance,2025,March,1
59,Top1 Coolant,Top1,Maintenance,2025,April,1
59,Top1 Coolant,Top1,Maintenance,2025,May,0
59,Top1 Coolant,Top1,Maintenance,2025,June,1
59,Top1 Coolant,Top1,Maintenance,2025,July,6
59,Top1 Coolant,Top1,Maintenance,2025,August,0
59,Top1 Coolant,Top1,Maintenance,2025,September,2
59,Top1 Coolant,Top1,Maintenance,2025,October,5
59,Top1 Coolant,Top1,Maintenance,2025,November,0
59,Top1 Coolant,Top1,Maintenance,2025,December,2
59,Top1 Coolant,Top1,Maintenance,2026,January,1
59,Top1 Coolant,Top1,Maintenance,2026,February,1
59,Top1 Coolant,Top1,Maintenance,2026,March,3
59,Top1 Coolant,Top1,Maintenance,2026,April,2
59,Top1 Coolant,Top1,Maintenance,2026,May,2
60,Gasket Pipe,yamaha,Yamaha Genuine Parts,2023,January,0
60,Gasket Pipe,yamaha,Yamaha Genuine Parts,2023,February,0
60,Gasket Pipe,yamaha,Yamaha Genuine Parts,2023,March,1
60,Gasket Pipe,yamaha,Yamaha Genuine Parts,2023,April,1
60,Gasket Pipe,yamaha,Yamaha Genuine Parts,2023,May,0
60,Gasket Pipe,yamaha,Yamaha Genuine Parts,2023,June,0
60,Gasket Pipe,yamaha,Yamaha Genuine Parts,2023,July,0
60,Gasket Pipe,yamaha,Yamaha Genuine Parts,2023,August,0
60,Gasket Pipe,yamaha,Yamaha Genuine Parts,2023,September,0
60,Gasket Pipe,yamaha,Yamaha Genuine Parts,2023,October,1
60,Gasket Pipe,yamaha,Yamaha Genuine Parts,2023,November,1
60,Gasket Pipe,yamaha,Yamaha Genuine Parts,2023,December,5
60,Gasket Pipe,yamaha,Yamaha Genuine Parts,2024,January,0
60,Gasket Pipe,yamaha,Yamaha Genuine Parts,2024,February,0
60,Gasket Pipe,yamaha,Yamaha Genuine Parts,2024,March,0
60,Gasket Pipe,yamaha,Yamaha Genuine Parts,2024,April,0
60,Gasket Pipe,yamaha,Yamaha Genuine Parts,2024,May,0
60,Gasket Pipe,yamaha,Yamaha Genuine Parts,2024,June,0
60,Gasket Pipe,yamaha,Yamaha Genuine Parts,2024,July,0
60,Gasket Pipe,yamaha,Yamaha Genuine Parts,2024,August,0
60,Gasket Pipe,yamaha,Yamaha Genuine Parts,2024,September,0
60,Gasket Pipe,yamaha,Yamaha Genuine Parts,2024,October,0
60,Gasket Pipe,yamaha,Yamaha Genuine Parts,2024,November,0
60,Gasket Pipe,yamaha,Yamaha Genuine Parts,2024,December,1
60,Gasket Pipe,yamaha,Yamaha Genuine Parts,2025,January,4
60,Gasket Pipe,yamaha,Yamaha Genuine Parts,2025,February,0
60,Gasket Pipe,yamaha,Yamaha Genuine Parts,2025,March,0
60,Gasket Pipe,yamaha,Yamaha Genuine Parts,2025,April,1
60,Gasket Pipe,yamaha,Yamaha Genuine Parts,2025,May,1
60,Gasket Pipe,yamaha,Yamaha Genuine Parts,2025,June,0
60,Gasket Pipe,yamaha,Yamaha Genuine Parts,2025,July,0
60,Gasket Pipe,yamaha,Yamaha Genuine Parts,2025,August,1
60,Gasket Pipe,yamaha,Yamaha Genuine Parts,2025,September,3
60,Gasket Pipe,yamaha,Yamaha Genuine Parts,2025,October,2
60,Gasket Pipe,yamaha,Yamaha Genuine Parts,2025,November,2
60,Gasket Pipe,yamaha,Yamaha Genuine Parts,2025,December,1
60,Gasket Pipe,yamaha,Yamaha Genuine Parts,2026,January,1
60,Gasket Pipe,yamaha,Yamaha Genuine Parts,2026,February,3
60,Gasket Pipe,yamaha,Yamaha Genuine Parts,2026,March,5
60,Gasket Pipe,yamaha,Yamaha Genuine Parts,2026,April,0
60,Gasket Pipe,yamaha,Yamaha Genuine Parts,2026,May,0
61,Oil Seal Magneto,Yamaha,Maintenance,2023,January,0
61,Oil Seal Magneto,Yamaha,Maintenance,2023,February,0
61,Oil Seal Magneto,Yamaha,Maintenance,2023,March,1
61,Oil Seal Magneto,Yamaha,Maintenance,2023,April,3
61,Oil Seal Magneto,Yamaha,Maintenance,2023,May,0
61,Oil Seal Magneto,Yamaha,Maintenance,2023,June,1
61,Oil Seal Magneto,Yamaha,Maintenance,2023,July,0
61,Oil Seal Magneto,Yamaha,Maintenance,2023,August,2
61,Oil Seal Magneto,Yamaha,Maintenance,2023,September,2
61,Oil Seal Magneto,Yamaha,Maintenance,2023,October,0
61,Oil Seal Magneto,Yamaha,Maintenance,2023,November,0
61,Oil Seal Magneto,Yamaha,Maintenance,2023,December,1
61,Oil Seal Magneto,Yamaha,Maintenance,2024,January,0
61,Oil Seal Magneto,Yamaha,Maintenance,2024,February,1
61,Oil Seal Magneto,Yamaha,Maintenance,2024,March,2
61,Oil Seal Magneto,Yamaha,Maintenance,2024,April,0
61,Oil Seal Magneto,Yamaha,Maintenance,2024,May,0
61,Oil Seal Magneto,Yamaha,Maintenance,2024,June,1
61,Oil Seal Magneto,Yamaha,Maintenance,2024,July,0
61,Oil Seal Magneto,Yamaha,Maintenance,2024,August,2
61,Oil Seal Magneto,Yamaha,Maintenance,2024,September,0
61,Oil Seal Magneto,Yamaha,Maintenance,2024,October,2
61,Oil Seal Magneto,Yamaha,Maintenance,2024,November,2
61,Oil Seal Magneto,Yamaha,Maintenance,2024,December,2
61,Oil Seal Magneto,Yamaha,Maintenance,2025,January,0
61,Oil Seal Magneto,Yamaha,Maintenance,2025,February,1
61,Oil Seal Magneto,Yamaha,Maintenance,2025,March,0
61,Oil Seal Magneto,Yamaha,Maintenance,2025,April,1
61,Oil Seal Magneto,Yamaha,Maintenance,2025,May,0
61,Oil Seal Magneto,Yamaha,Maintenance,2025,June,0
61,Oil Seal Magneto,Yamaha,Maintenance,2025,July,0
61,Oil Seal Magneto,Yamaha,Maintenance,2025,August,2
61,Oil Seal Magneto,Yamaha,Maintenance,2025,September,1
61,Oil Seal Magneto,Yamaha,Maintenance,2025,October,4
61,Oil Seal Magneto,Yamaha,Maintenance,2025,November,5
61,Oil Seal Magneto,Yamaha,Maintenance,2025,December,2
61,Oil Seal Magneto,Yamaha,Maintenance,2026,January,2
61,Oil Seal Magneto,Yamaha,Maintenance,2026,February,4
61,Oil Seal Magneto,Yamaha,Maintenance,2026,March,2
61,Oil Seal Magneto,Yamaha,Maintenance,2026,April,1
61,Oil Seal Magneto,Yamaha,Maintenance,2026,May,0
62,Oil Seal Torque,Yamaha,Yamaha Genuine Parts,2023,January,12
62,Oil Seal Torque,Yamaha,Yamaha Genuine Parts,2023,February,10
62,Oil Seal Torque,Yamaha,Yamaha Genuine Parts,2023,March,18
62,Oil Seal Torque,Yamaha,Yamaha Genuine Parts,2023,April,15
62,Oil Seal Torque,Yamaha,Yamaha Genuine Parts,2023,May,11
62,Oil Seal Torque,Yamaha,Yamaha Genuine Parts,2023,June,13
62,Oil Seal Torque,Yamaha,Yamaha Genuine Parts,2023,July,5
62,Oil Seal Torque,Yamaha,Yamaha Genuine Parts,2023,August,13
62,Oil Seal Torque,Yamaha,Yamaha Genuine Parts,2023,September,15
62,Oil Seal Torque,Yamaha,Yamaha Genuine Parts,2023,October,17
62,Oil Seal Torque,Yamaha,Yamaha Genuine Parts,2023,November,17
62,Oil Seal Torque,Yamaha,Yamaha Genuine Parts,2023,December,17
62,Oil Seal Torque,Yamaha,Yamaha Genuine Parts,2024,January,5
62,Oil Seal Torque,Yamaha,Yamaha Genuine Parts,2024,February,7
62,Oil Seal Torque,Yamaha,Yamaha Genuine Parts,2024,March,5
62,Oil Seal Torque,Yamaha,Yamaha Genuine Parts,2024,April,2
62,Oil Seal Torque,Yamaha,Yamaha Genuine Parts,2024,May,6
62,Oil Seal Torque,Yamaha,Yamaha Genuine Parts,2024,June,10
62,Oil Seal Torque,Yamaha,Yamaha Genuine Parts,2024,July,7
62,Oil Seal Torque,Yamaha,Yamaha Genuine Parts,2024,August,3
62,Oil Seal Torque,Yamaha,Yamaha Genuine Parts,2024,September,5
62,Oil Seal Torque,Yamaha,Yamaha Genuine Parts,2024,October,2
62,Oil Seal Torque,Yamaha,Yamaha Genuine Parts,2024,November,11
62,Oil Seal Torque,Yamaha,Yamaha Genuine Parts,2024,December,9
62,Oil Seal Torque,Yamaha,Yamaha Genuine Parts,2025,January,15
62,Oil Seal Torque,Yamaha,Yamaha Genuine Parts,2025,February,10
62,Oil Seal Torque,Yamaha,Yamaha Genuine Parts,2025,March,6
62,Oil Seal Torque,Yamaha,Yamaha Genuine Parts,2025,April,7
62,Oil Seal Torque,Yamaha,Yamaha Genuine Parts,2025,May,5
62,Oil Seal Torque,Yamaha,Yamaha Genuine Parts,2025,June,4
62,Oil Seal Torque,Yamaha,Yamaha Genuine Parts,2025,July,3
62,Oil Seal Torque,Yamaha,Yamaha Genuine Parts,2025,August,4
62,Oil Seal Torque,Yamaha,Yamaha Genuine Parts,2025,September,11
62,Oil Seal Torque,Yamaha,Yamaha Genuine Parts,2025,October,2
62,Oil Seal Torque,Yamaha,Yamaha Genuine Parts,2025,November,7
62,Oil Seal Torque,Yamaha,Yamaha Genuine Parts,2025,December,2
62,Oil Seal Torque,Yamaha,Yamaha Genuine Parts,2026,January,4
62,Oil Seal Torque,Yamaha,Yamaha Genuine Parts,2026,February,0
62,Oil Seal Torque,Yamaha,Yamaha Genuine Parts,2026,March,2
62,Oil Seal Torque,Yamaha,Yamaha Genuine Parts,2026,April,0
62,Oil Seal Torque,Yamaha,Yamaha Genuine Parts,2026,May,3
63,Motul Power LE,Motul,Maintenance,2023,January,5
63,Motul Power LE,Motul,Maintenance,2023,February,1
63,Motul Power LE,Motul,Maintenance,2023,March,5
63,Motul Power LE,Motul,Maintenance,2023,April,2
63,Motul Power LE,Motul,Maintenance,2023,May,5
63,Motul Power LE,Motul,Maintenance,2023,June,9
63,Motul Power LE,Motul,Maintenance,2023,July,5
63,Motul Power LE,Motul,Maintenance,2023,August,2
63,Motul Power LE,Motul,Maintenance,2023,September,3
63,Motul Power LE,Motul,Maintenance,2023,October,1
63,Motul Power LE,Motul,Maintenance,2023,November,6
63,Motul Power LE,Motul,Maintenance,2023,December,11
63,Motul Power LE,Motul,Maintenance,2024,January,2
63,Motul Power LE,Motul,Maintenance,2024,February,4
63,Motul Power LE,Motul,Maintenance,2024,March,3
63,Motul Power LE,Motul,Maintenance,2024,April,1
63,Motul Power LE,Motul,Maintenance,2024,May,3
63,Motul Power LE,Motul,Maintenance,2024,June,3
63,Motul Power LE,Motul,Maintenance,2024,July,4
63,Motul Power LE,Motul,Maintenance,2024,August,5
63,Motul Power LE,Motul,Maintenance,2024,September,6
63,Motul Power LE,Motul,Maintenance,2024,October,3
63,Motul Power LE,Motul,Maintenance,2024,November,3
63,Motul Power LE,Motul,Maintenance,2024,December,3
63,Motul Power LE,Motul,Maintenance,2025,January,2
63,Motul Power LE,Motul,Maintenance,2025,February,8
63,Motul Power LE,Motul,Maintenance,2025,March,4
63,Motul Power LE,Motul,Maintenance,2025,April,4
63,Motul Power LE,Motul,Maintenance,2025,May,3
63,Motul Power LE,Motul,Maintenance,2025,June,3
63,Motul Power LE,Motul,Maintenance,2025,July,4
63,Motul Power LE,Motul,Maintenance,2025,August,2
63,Motul Power LE,Motul,Maintenance,2025,September,4
63,Motul Power LE,Motul,Maintenance,2025,October,2
63,Motul Power LE,Motul,Maintenance,2025,November,0
63,Motul Power LE,Motul,Maintenance,2025,December,2
63,Motul Power LE,Motul,Maintenance,2026,January,1
63,Motul Power LE,Motul,Maintenance,2026,February,3
63,Motul Power LE,Motul,Maintenance,2026,March,3
63,Motul Power LE,Motul,Maintenance,2026,April,0
63,Motul Power LE,Motul,Maintenance,2026,May,1
64,Spark Plug Cap,Yamaha,Yamaha Genuine Parts,2023,January,0
64,Spark Plug Cap,Yamaha,Yamaha Genuine Parts,2023,February,0
64,Spark Plug Cap,Yamaha,Yamaha Genuine Parts,2023,March,0
64,Spark Plug Cap,Yamaha,Yamaha Genuine Parts,2023,April,0
64,Spark Plug Cap,Yamaha,Yamaha Genuine Parts,2023,May,0
64,Spark Plug Cap,Yamaha,Yamaha Genuine Parts,2023,June,0
64,Spark Plug Cap,Yamaha,Yamaha Genuine Parts,2023,July,1
64,Spark Plug Cap,Yamaha,Yamaha Genuine Parts,2023,August,5
64,Spark Plug Cap,Yamaha,Yamaha Genuine Parts,2023,September,0
64,Spark Plug Cap,Yamaha,Yamaha Genuine Parts,2023,October,0
64,Spark Plug Cap,Yamaha,Yamaha Genuine Parts,2023,November,0
64,Spark Plug Cap,Yamaha,Yamaha Genuine Parts,2023,December,1
64,Spark Plug Cap,Yamaha,Yamaha Genuine Parts,2024,January,0
64,Spark Plug Cap,Yamaha,Yamaha Genuine Parts,2024,February,1
64,Spark Plug Cap,Yamaha,Yamaha Genuine Parts,2024,March,0
64,Spark Plug Cap,Yamaha,Yamaha Genuine Parts,2024,April,1
64,Spark Plug Cap,Yamaha,Yamaha Genuine Parts,2024,May,1
64,Spark Plug Cap,Yamaha,Yamaha Genuine Parts,2024,June,0
64,Spark Plug Cap,Yamaha,Yamaha Genuine Parts,2024,July,0
64,Spark Plug Cap,Yamaha,Yamaha Genuine Parts,2024,August,0
64,Spark Plug Cap,Yamaha,Yamaha Genuine Parts,2024,September,0
64,Spark Plug Cap,Yamaha,Yamaha Genuine Parts,2024,October,1
64,Spark Plug Cap,Yamaha,Yamaha Genuine Parts,2024,November,1
64,Spark Plug Cap,Yamaha,Yamaha Genuine Parts,2024,December,1
64,Spark Plug Cap,Yamaha,Yamaha Genuine Parts,2025,January,1
64,Spark Plug Cap,Yamaha,Yamaha Genuine Parts,2025,February,0
64,Spark Plug Cap,Yamaha,Yamaha Genuine Parts,2025,March,1
64,Spark Plug Cap,Yamaha,Yamaha Genuine Parts,2025,April,0
64,Spark Plug Cap,Yamaha,Yamaha Genuine Parts,2025,May,1
64,Spark Plug Cap,Yamaha,Yamaha Genuine Parts,2025,June,1
64,Spark Plug Cap,Yamaha,Yamaha Genuine Parts,2025,July,1
64,Spark Plug Cap,Yamaha,Yamaha Genuine Parts,2025,August,0
64,Spark Plug Cap,Yamaha,Yamaha Genuine Parts,2025,September,0
64,Spark Plug Cap,Yamaha,Yamaha Genuine Parts,2025,October,1
64,Spark Plug Cap,Yamaha,Yamaha Genuine Parts,2025,November,0
64,Spark Plug Cap,Yamaha,Yamaha Genuine Parts,2025,December,3
64,Spark Plug Cap,Yamaha,Yamaha Genuine Parts,2026,January,1
64,Spark Plug Cap,Yamaha,Yamaha Genuine Parts,2026,February,2
64,Spark Plug Cap,Yamaha,Yamaha Genuine Parts,2026,March,1
64,Spark Plug Cap,Yamaha,Yamaha Genuine Parts,2026,April,3
64,Spark Plug Cap,Yamaha,Yamaha Genuine Parts,2026,May,1
65,Pertua 1L,Pertua,Maintenance,2023,January,0
65,Pertua 1L,Pertua,Maintenance,2023,February,0
65,Pertua 1L,Pertua,Maintenance,2023,March,0
65,Pertua 1L,Pertua,Maintenance,2023,April,0
65,Pertua 1L,Pertua,Maintenance,2023,May,0
65,Pertua 1L,Pertua,Maintenance,2023,June,0
65,Pertua 1L,Pertua,Maintenance,2023,July,0
65,Pertua 1L,Pertua,Maintenance,2023,August,0
65,Pertua 1L,Pertua,Maintenance,2023,September,0
65,Pertua 1L,Pertua,Maintenance,2023,October,0
65,Pertua 1L,Pertua,Maintenance,2023,November,0
65,Pertua 1L,Pertua,Maintenance,2023,December,0
65,Pertua 1L,Pertua,Maintenance,2024,January,0
65,Pertua 1L,Pertua,Maintenance,2024,February,0
65,Pertua 1L,Pertua,Maintenance,2024,March,0
65,Pertua 1L,Pertua,Maintenance,2024,April,0
65,Pertua 1L,Pertua,Maintenance,2024,May,0
65,Pertua 1L,Pertua,Maintenance,2024,June,0
65,Pertua 1L,Pertua,Maintenance,2024,July,1
65,Pertua 1L,Pertua,Maintenance,2024,August,0
65,Pertua 1L,Pertua,Maintenance,2024,September,1
65,Pertua 1L,Pertua,Maintenance,2024,October,2
65,Pertua 1L,Pertua,Maintenance,2024,November,3
65,Pertua 1L,Pertua,Maintenance,2024,December,0
65,Pertua 1L,Pertua,Maintenance,2025,January,2
65,Pertua 1L,Pertua,Maintenance,2025,February,1
65,Pertua 1L,Pertua,Maintenance,2025,March,0
65,Pertua 1L,Pertua,Maintenance,2025,April,2
65,Pertua 1L,Pertua,Maintenance,2025,May,5
65,Pertua 1L,Pertua,Maintenance,2025,June,3
65,Pertua 1L,Pertua,Maintenance,2025,July,2
65,Pertua 1L,Pertua,Maintenance,2025,August,4
65,Pertua 1L,Pertua,Maintenance,2025,September,5
65,Pertua 1L,Pertua,Maintenance,2025,October,4
65,Pertua 1L,Pertua,Maintenance,2025,November,4
65,Pertua 1L,Pertua,Maintenance,2025,December,11
65,Pertua 1L,Pertua,Maintenance,2026,January,1
65,Pertua 1L,Pertua,Maintenance,2026,February,1
65,Pertua 1L,Pertua,Maintenance,2026,March,3
65,Pertua 1L,Pertua,Maintenance,2026,April,1
65,Pertua 1L,Pertua,Maintenance,2026,May,2
66,Valve Spring,Sun,Racing Parts,2023,January,0
66,Valve Spring,Sun,Racing Parts,2023,February,1
66,Valve Spring,Sun,Racing Parts,2023,March,1
66,Valve Spring,Sun,Racing Parts,2023,April,1
66,Valve Spring,Sun,Racing Parts,2023,May,0
66,Valve Spring,Sun,Racing Parts,2023,June,1
66,Valve Spring,Sun,Racing Parts,2023,July,0
66,Valve Spring,Sun,Racing Parts,2023,August,1
66,Valve Spring,Sun,Racing Parts,2023,September,4
66,Valve Spring,Sun,Racing Parts,2023,October,0
66,Valve Spring,Sun,Racing Parts,2023,November,0
66,Valve Spring,Sun,Racing Parts,2023,December,0
66,Valve Spring,Sun,Racing Parts,2024,January,0
66,Valve Spring,Sun,Racing Parts,2024,February,0
66,Valve Spring,Sun,Racing Parts,2024,March,0
66,Valve Spring,Sun,Racing Parts,2024,April,1
66,Valve Spring,Sun,Racing Parts,2024,May,0
66,Valve Spring,Sun,Racing Parts,2024,June,1
66,Valve Spring,Sun,Racing Parts,2024,July,1
66,Valve Spring,Sun,Racing Parts,2024,August,0
66,Valve Spring,Sun,Racing Parts,2024,September,0
66,Valve Spring,Sun,Racing Parts,2024,October,0
66,Valve Spring,Sun,Racing Parts,2024,November,0
66,Valve Spring,Sun,Racing Parts,2024,December,1
66,Valve Spring,Sun,Racing Parts,2025,January,0
66,Valve Spring,Sun,Racing Parts,2025,February,1
66,Valve Spring,Sun,Racing Parts,2025,March,2
66,Valve Spring,Sun,Racing Parts,2025,April,0
66,Valve Spring,Sun,Racing Parts,2025,May,3
66,Valve Spring,Sun,Racing Parts,2025,June,0
66,Valve Spring,Sun,Racing Parts,2025,July,1
66,Valve Spring,Sun,Racing Parts,2025,August,3
66,Valve Spring,Sun,Racing Parts,2025,September,1
66,Valve Spring,Sun,Racing Parts,2025,October,2
66,Valve Spring,Sun,Racing Parts,2025,November,2
66,Valve Spring,Sun,Racing Parts,2025,December,8
66,Valve Spring,Sun,Racing Parts,2026,January,2
66,Valve Spring,Sun,Racing Parts,2026,February,0
66,Valve Spring,Sun,Racing Parts,2026,March,1
66,Valve Spring,Sun,Racing Parts,2026,April,1
66,Valve Spring,Sun,Racing Parts,2026,May,4
67,Honda Water Pump,Honda,Honda Genuine Parts,2023,January,0
67,Honda Water Pump,Honda,Honda Genuine Parts,2023,February,1
67,Honda Water Pump,Honda,Honda Genuine Parts,2023,March,0
67,Honda Water Pump,Honda,Honda Genuine Parts,2023,April,0
67,Honda Water Pump,Honda,Honda Genuine Parts,2023,May,0
67,Honda Water Pump,Honda,Honda Genuine Parts,2023,June,0
67,Honda Water Pump,Honda,Honda Genuine Parts,2023,July,0
67,Honda Water Pump,Honda,Honda Genuine Parts,2023,August,0
67,Honda Water Pump,Honda,Honda Genuine Parts,2023,September,0
67,Honda Water Pump,Honda,Honda Genuine Parts,2023,October,0
67,Honda Water Pump,Honda,Honda Genuine Parts,2023,November,0
67,Honda Water Pump,Honda,Honda Genuine Parts,2023,December,0
67,Honda Water Pump,Honda,Honda Genuine Parts,2024,January,0
67,Honda Water Pump,Honda,Honda Genuine Parts,2024,February,0
67,Honda Water Pump,Honda,Honda Genuine Parts,2024,March,0
67,Honda Water Pump,Honda,Honda Genuine Parts,2024,April,0
67,Honda Water Pump,Honda,Honda Genuine Parts,2024,May,0
67,Honda Water Pump,Honda,Honda Genuine Parts,2024,June,0
67,Honda Water Pump,Honda,Honda Genuine Parts,2024,July,0
67,Honda Water Pump,Honda,Honda Genuine Parts,2024,August,0
67,Honda Water Pump,Honda,Honda Genuine Parts,2024,September,0
67,Honda Water Pump,Honda,Honda Genuine Parts,2024,October,0
67,Honda Water Pump,Honda,Honda Genuine Parts,2024,November,0
67,Honda Water Pump,Honda,Honda Genuine Parts,2024,December,0
67,Honda Water Pump,Honda,Honda Genuine Parts,2025,January,0
67,Honda Water Pump,Honda,Honda Genuine Parts,2025,February,0
67,Honda Water Pump,Honda,Honda Genuine Parts,2025,March,0
67,Honda Water Pump,Honda,Honda Genuine Parts,2025,April,0
67,Honda Water Pump,Honda,Honda Genuine Parts,2025,May,0
67,Honda Water Pump,Honda,Honda Genuine Parts,2025,June,0
67,Honda Water Pump,Honda,Honda Genuine Parts,2025,July,0
67,Honda Water Pump,Honda,Honda Genuine Parts,2025,August,0
67,Honda Water Pump,Honda,Honda Genuine Parts,2025,September,2
67,Honda Water Pump,Honda,Honda Genuine Parts,2025,October,1
67,Honda Water Pump,Honda,Honda Genuine Parts,2025,November,0
67,Honda Water Pump,Honda,Honda Genuine Parts,2025,December,2
67,Honda Water Pump,Honda,Honda Genuine Parts,2026,January,3
67,Honda Water Pump,Honda,Honda Genuine Parts,2026,February,0
67,Honda Water Pump,Honda,Honda Genuine Parts,2026,March,1
67,Honda Water Pump,Honda,Honda Genuine Parts,2026,April,2
67,Honda Water Pump,Honda,Honda Genuine Parts,2026,May,1
68,Beast 90/80-14,Beast,Tires,2023,January,0
68,Beast 90/80-14,Beast,Tires,2023,February,0
68,Beast 90/80-14,Beast,Tires,2023,March,1
68,Beast 90/80-14,Beast,Tires,2023,April,0
68,Beast 90/80-14,Beast,Tires,2023,May,0
68,Beast 90/80-14,Beast,Tires,2023,June,0
68,Beast 90/80-14,Beast,Tires,2023,July,0
68,Beast 90/80-14,Beast,Tires,2023,August,0
68,Beast 90/80-14,Beast,Tires,2023,September,0
68,Beast 90/80-14,Beast,Tires,2023,October,0
68,Beast 90/80-14,Beast,Tires,2023,November,1
68,Beast 90/80-14,Beast,Tires,2023,December,0
68,Beast 90/80-14,Beast,Tires,2024,January,0
68,Beast 90/80-14,Beast,Tires,2024,February,0
68,Beast 90/80-14,Beast,Tires,2024,March,0
68,Beast 90/80-14,Beast,Tires,2024,April,0
68,Beast 90/80-14,Beast,Tires,2024,May,0
68,Beast 90/80-14,Beast,Tires,2024,June,0
68,Beast 90/80-14,Beast,Tires,2024,July,0
68,Beast 90/80-14,Beast,Tires,2024,August,0
68,Beast 90/80-14,Beast,Tires,2024,September,0
68,Beast 90/80-14,Beast,Tires,2024,October,0
68,Beast 90/80-14,Beast,Tires,2024,November,0
68,Beast 90/80-14,Beast,Tires,2024,December,2
68,Beast 90/80-14,Beast,Tires,2025,January,1
68,Beast 90/80-14,Beast,Tires,2025,February,1
68,Beast 90/80-14,Beast,Tires,2025,March,0
68,Beast 90/80-14,Beast,Tires,2025,April,0
68,Beast 90/80-14,Beast,Tires,2025,May,0
68,Beast 90/80-14,Beast,Tires,2025,June,0
68,Beast 90/80-14,Beast,Tires,2025,July,3
68,Beast 90/80-14,Beast,Tires,2025,August,2
68,Beast 90/80-14,Beast,Tires,2025,September,0
68,Beast 90/80-14,Beast,Tires,2025,October,0
68,Beast 90/80-14,Beast,Tires,2025,November,2
68,Beast 90/80-14,Beast,Tires,2025,December,0
68,Beast 90/80-14,Beast,Tires,2026,January,1
68,Beast 90/80-14,Beast,Tires,2026,February,2
68,Beast 90/80-14,Beast,Tires,2026,March,1
68,Beast 90/80-14,Beast,Tires,2026,April,2
68,Beast 90/80-14,Beast,Tires,2026,May,1
69,Bearing Torque Set,Honda,Honda Genuine Parts,2023,January,0
69,Bearing Torque Set,Honda,Honda Genuine Parts,2023,February,0
69,Bearing Torque Set,Honda,Honda Genuine Parts,2023,March,0
69,Bearing Torque Set,Honda,Honda Genuine Parts,2023,April,0
69,Bearing Torque Set,Honda,Honda Genuine Parts,2023,May,0
69,Bearing Torque Set,Honda,Honda Genuine Parts,2023,June,0
69,Bearing Torque Set,Honda,Honda Genuine Parts,2023,July,0
69,Bearing Torque Set,Honda,Honda Genuine Parts,2023,August,0
69,Bearing Torque Set,Honda,Honda Genuine Parts,2023,September,0
69,Bearing Torque Set,Honda,Honda Genuine Parts,2023,October,1
69,Bearing Torque Set,Honda,Honda Genuine Parts,2023,November,0
69,Bearing Torque Set,Honda,Honda Genuine Parts,2023,December,0
69,Bearing Torque Set,Honda,Honda Genuine Parts,2024,January,0
69,Bearing Torque Set,Honda,Honda Genuine Parts,2024,February,0
69,Bearing Torque Set,Honda,Honda Genuine Parts,2024,March,0
69,Bearing Torque Set,Honda,Honda Genuine Parts,2024,April,0
69,Bearing Torque Set,Honda,Honda Genuine Parts,2024,May,1
69,Bearing Torque Set,Honda,Honda Genuine Parts,2024,June,0
69,Bearing Torque Set,Honda,Honda Genuine Parts,2024,July,0
69,Bearing Torque Set,Honda,Honda Genuine Parts,2024,August,0
69,Bearing Torque Set,Honda,Honda Genuine Parts,2024,September,1
69,Bearing Torque Set,Honda,Honda Genuine Parts,2024,October,1
69,Bearing Torque Set,Honda,Honda Genuine Parts,2024,November,1
69,Bearing Torque Set,Honda,Honda Genuine Parts,2024,December,1
69,Bearing Torque Set,Honda,Honda Genuine Parts,2025,January,0
69,Bearing Torque Set,Honda,Honda Genuine Parts,2025,February,1
69,Bearing Torque Set,Honda,Honda Genuine Parts,2025,March,1
69,Bearing Torque Set,Honda,Honda Genuine Parts,2025,April,0
69,Bearing Torque Set,Honda,Honda Genuine Parts,2025,May,1
69,Bearing Torque Set,Honda,Honda Genuine Parts,2025,June,1
69,Bearing Torque Set,Honda,Honda Genuine Parts,2025,July,0
69,Bearing Torque Set,Honda,Honda Genuine Parts,2025,August,0
69,Bearing Torque Set,Honda,Honda Genuine Parts,2025,September,0
69,Bearing Torque Set,Honda,Honda Genuine Parts,2025,October,0
69,Bearing Torque Set,Honda,Honda Genuine Parts,2025,November,1
69,Bearing Torque Set,Honda,Honda Genuine Parts,2025,December,0
69,Bearing Torque Set,Honda,Honda Genuine Parts,2026,January,0
69,Bearing Torque Set,Honda,Honda Genuine Parts,2026,February,3
69,Bearing Torque Set,Honda,Honda Genuine Parts,2026,March,1
69,Bearing Torque Set,Honda,Honda Genuine Parts,2026,April,2
69,Bearing Torque Set,Honda,Honda Genuine Parts,2026,May,1
70,Knuckle Bearing,Faito,Maintenance,2023,January,0
70,Knuckle Bearing,Faito,Maintenance,2023,February,0
70,Knuckle Bearing,Faito,Maintenance,2023,March,1
70,Knuckle Bearing,Faito,Maintenance,2023,April,0
70,Knuckle Bearing,Faito,Maintenance,2023,May,0
70,Knuckle Bearing,Faito,Maintenance,2023,June,0
70,Knuckle Bearing,Faito,Maintenance,2023,July,0
70,Knuckle Bearing,Faito,Maintenance,2023,August,0
70,Knuckle Bearing,Faito,Maintenance,2023,September,0
70,Knuckle Bearing,Faito,Maintenance,2023,October,0
70,Knuckle Bearing,Faito,Maintenance,2023,November,0
70,Knuckle Bearing,Faito,Maintenance,2023,December,1
70,Knuckle Bearing,Faito,Maintenance,2024,January,0
70,Knuckle Bearing,Faito,Maintenance,2024,February,0
70,Knuckle Bearing,Faito,Maintenance,2024,March,0
70,Knuckle Bearing,Faito,Maintenance,2024,April,0
70,Knuckle Bearing,Faito,Maintenance,2024,May,1
70,Knuckle Bearing,Faito,Maintenance,2024,June,0
70,Knuckle Bearing,Faito,Maintenance,2024,July,0
70,Knuckle Bearing,Faito,Maintenance,2024,August,0
70,Knuckle Bearing,Faito,Maintenance,2024,September,0
70,Knuckle Bearing,Faito,Maintenance,2024,October,1
70,Knuckle Bearing,Faito,Maintenance,2024,November,0
70,Knuckle Bearing,Faito,Maintenance,2024,December,0
70,Knuckle Bearing,Faito,Maintenance,2025,January,0
70,Knuckle Bearing,Faito,Maintenance,2025,February,0
70,Knuckle Bearing,Faito,Maintenance,2025,March,0
70,Knuckle Bearing,Faito,Maintenance,2025,April,0
70,Knuckle Bearing,Faito,Maintenance,2025,May,0
70,Knuckle Bearing,Faito,Maintenance,2025,June,0
70,Knuckle Bearing,Faito,Maintenance,2025,July,1
70,Knuckle Bearing,Faito,Maintenance,2025,August,1
70,Knuckle Bearing,Faito,Maintenance,2025,September,1
70,Knuckle Bearing,Faito,Maintenance,2025,October,0
70,Knuckle Bearing,Faito,Maintenance,2025,November,0
70,Knuckle Bearing,Faito,Maintenance,2025,December,0
70,Knuckle Bearing,Faito,Maintenance,2026,January,2
70,Knuckle Bearing,Faito,Maintenance,2026,February,0
70,Knuckle Bearing,Faito,Maintenance,2026,March,3
70,Knuckle Bearing,Faito,Maintenance,2026,April,0
70,Knuckle Bearing,Faito,Maintenance,2026,May,2
71,UMA Iridium Sparkplug Cpr8,UMA,Maintenance,2023,January,2
71,UMA Iridium Sparkplug Cpr8,UMA,Maintenance,2023,February,1
71,UMA Iridium Sparkplug Cpr8,UMA,Maintenance,2023,March,0
71,UMA Iridium Sparkplug Cpr8,UMA,Maintenance,2023,April,1
71,UMA Iridium Sparkplug Cpr8,UMA,Maintenance,2023,May,0
71,UMA Iridium Sparkplug Cpr8,UMA,Maintenance,2023,June,3
71,UMA Iridium Sparkplug Cpr8,UMA,Maintenance,2023,July,1
71,UMA Iridium Sparkplug Cpr8,UMA,Maintenance,2023,August,0
71,UMA Iridium Sparkplug Cpr8,UMA,Maintenance,2023,September,0
71,UMA Iridium Sparkplug Cpr8,UMA,Maintenance,2023,October,2
71,UMA Iridium Sparkplug Cpr8,UMA,Maintenance,2023,November,0
71,UMA Iridium Sparkplug Cpr8,UMA,Maintenance,2023,December,0
71,UMA Iridium Sparkplug Cpr8,UMA,Maintenance,2024,January,1
71,UMA Iridium Sparkplug Cpr8,UMA,Maintenance,2024,February,0
71,UMA Iridium Sparkplug Cpr8,UMA,Maintenance,2024,March,0
71,UMA Iridium Sparkplug Cpr8,UMA,Maintenance,2024,April,1
71,UMA Iridium Sparkplug Cpr8,UMA,Maintenance,2024,May,0
71,UMA Iridium Sparkplug Cpr8,UMA,Maintenance,2024,June,0
71,UMA Iridium Sparkplug Cpr8,UMA,Maintenance,2024,July,0
71,UMA Iridium Sparkplug Cpr8,UMA,Maintenance,2024,August,1
71,UMA Iridium Sparkplug Cpr8,UMA,Maintenance,2024,September,0
71,UMA Iridium Sparkplug Cpr8,UMA,Maintenance,2024,October,0
71,UMA Iridium Sparkplug Cpr8,UMA,Maintenance,2024,November,0
71,UMA Iridium Sparkplug Cpr8,UMA,Maintenance,2024,December,1
71,UMA Iridium Sparkplug Cpr8,UMA,Maintenance,2025,January,0
71,UMA Iridium Sparkplug Cpr8,UMA,Maintenance,2025,February,0
71,UMA Iridium Sparkplug Cpr8,UMA,Maintenance,2025,March,0
71,UMA Iridium Sparkplug Cpr8,UMA,Maintenance,2025,April,0
71,UMA Iridium Sparkplug Cpr8,UMA,Maintenance,2025,May,0
71,UMA Iridium Sparkplug Cpr8,UMA,Maintenance,2025,June,0
71,UMA Iridium Sparkplug Cpr8,UMA,Maintenance,2025,July,0
71,UMA Iridium Sparkplug Cpr8,UMA,Maintenance,2025,August,0
71,UMA Iridium Sparkplug Cpr8,UMA,Maintenance,2025,September,0
71,UMA Iridium Sparkplug Cpr8,UMA,Maintenance,2025,October,1
71,UMA Iridium Sparkplug Cpr8,UMA,Maintenance,2025,November,0
71,UMA Iridium Sparkplug Cpr8,UMA,Maintenance,2025,December,2
71,UMA Iridium Sparkplug Cpr8,UMA,Maintenance,2026,January,0
71,UMA Iridium Sparkplug Cpr8,UMA,Maintenance,2026,February,0
71,UMA Iridium Sparkplug Cpr8,UMA,Maintenance,2026,March,5
71,UMA Iridium Sparkplug Cpr8,UMA,Maintenance,2026,April,1
71,UMA Iridium Sparkplug Cpr8,UMA,Maintenance,2026,May,1
72,2PH Air Filter,Yamaha,Yamaha Genuine Parts,2023,January,0
72,2PH Air Filter,Yamaha,Yamaha Genuine Parts,2023,February,0
72,2PH Air Filter,Yamaha,Yamaha Genuine Parts,2023,March,0
72,2PH Air Filter,Yamaha,Yamaha Genuine Parts,2023,April,0
72,2PH Air Filter,Yamaha,Yamaha Genuine Parts,2023,May,0
72,2PH Air Filter,Yamaha,Yamaha Genuine Parts,2023,June,0
72,2PH Air Filter,Yamaha,Yamaha Genuine Parts,2023,July,0
72,2PH Air Filter,Yamaha,Yamaha Genuine Parts,2023,August,0
72,2PH Air Filter,Yamaha,Yamaha Genuine Parts,2023,September,0
72,2PH Air Filter,Yamaha,Yamaha Genuine Parts,2023,October,0
72,2PH Air Filter,Yamaha,Yamaha Genuine Parts,2023,November,0
72,2PH Air Filter,Yamaha,Yamaha Genuine Parts,2023,December,0
72,2PH Air Filter,Yamaha,Yamaha Genuine Parts,2024,January,0
72,2PH Air Filter,Yamaha,Yamaha Genuine Parts,2024,February,0
72,2PH Air Filter,Yamaha,Yamaha Genuine Parts,2024,March,1
72,2PH Air Filter,Yamaha,Yamaha Genuine Parts,2024,April,0
72,2PH Air Filter,Yamaha,Yamaha Genuine Parts,2024,May,0
72,2PH Air Filter,Yamaha,Yamaha Genuine Parts,2024,June,0
72,2PH Air Filter,Yamaha,Yamaha Genuine Parts,2024,July,0
72,2PH Air Filter,Yamaha,Yamaha Genuine Parts,2024,August,0
72,2PH Air Filter,Yamaha,Yamaha Genuine Parts,2024,September,0
72,2PH Air Filter,Yamaha,Yamaha Genuine Parts,2024,October,0
72,2PH Air Filter,Yamaha,Yamaha Genuine Parts,2024,November,0
72,2PH Air Filter,Yamaha,Yamaha Genuine Parts,2024,December,0
72,2PH Air Filter,Yamaha,Yamaha Genuine Parts,2025,January,0
72,2PH Air Filter,Yamaha,Yamaha Genuine Parts,2025,February,2
72,2PH Air Filter,Yamaha,Yamaha Genuine Parts,2025,March,0
72,2PH Air Filter,Yamaha,Yamaha Genuine Parts,2025,April,0
72,2PH Air Filter,Yamaha,Yamaha Genuine Parts,2025,May,0
72,2PH Air Filter,Yamaha,Yamaha Genuine Parts,2025,June,0
72,2PH Air Filter,Yamaha,Yamaha Genuine Parts,2025,July,0
72,2PH Air Filter,Yamaha,Yamaha Genuine Parts,2025,August,0
72,2PH Air Filter,Yamaha,Yamaha Genuine Parts,2025,September,0
72,2PH Air Filter,Yamaha,Yamaha Genuine Parts,2025,October,0
72,2PH Air Filter,Yamaha,Yamaha Genuine Parts,2025,November,0
72,2PH Air Filter,Yamaha,Yamaha Genuine Parts,2025,December,0
72,2PH Air Filter,Yamaha,Yamaha Genuine Parts,2026,January,2
72,2PH Air Filter,Yamaha,Yamaha Genuine Parts,2026,February,0
72,2PH Air Filter,Yamaha,Yamaha Genuine Parts,2026,March,1
72,2PH Air Filter,Yamaha,Yamaha Genuine Parts,2026,April,1
72,2PH Air Filter,Yamaha,Yamaha Genuine Parts,2026,May,3
73,Samurai High Temp,Samurai,Accessories,2023,January,0
73,Samurai High Temp,Samurai,Accessories,2023,February,0
73,Samurai High Temp,Samurai,Accessories,2023,March,0
73,Samurai High Temp,Samurai,Accessories,2023,April,0
73,Samurai High Temp,Samurai,Accessories,2023,May,0
73,Samurai High Temp,Samurai,Accessories,2023,June,0
73,Samurai High Temp,Samurai,Accessories,2023,July,0
73,Samurai High Temp,Samurai,Accessories,2023,August,0
73,Samurai High Temp,Samurai,Accessories,2023,September,0
73,Samurai High Temp,Samurai,Accessories,2023,October,0
73,Samurai High Temp,Samurai,Accessories,2023,November,0
73,Samurai High Temp,Samurai,Accessories,2023,December,0
73,Samurai High Temp,Samurai,Accessories,2024,January,0
73,Samurai High Temp,Samurai,Accessories,2024,February,0
73,Samurai High Temp,Samurai,Accessories,2024,March,0
73,Samurai High Temp,Samurai,Accessories,2024,April,0
73,Samurai High Temp,Samurai,Accessories,2024,May,0
73,Samurai High Temp,Samurai,Accessories,2024,June,0
73,Samurai High Temp,Samurai,Accessories,2024,July,0
73,Samurai High Temp,Samurai,Accessories,2024,August,1
73,Samurai High Temp,Samurai,Accessories,2024,September,1
73,Samurai High Temp,Samurai,Accessories,2024,October,0
73,Samurai High Temp,Samurai,Accessories,2024,November,1
73,Samurai High Temp,Samurai,Accessories,2024,December,2
73,Samurai High Temp,Samurai,Accessories,2025,January,3
73,Samurai High Temp,Samurai,Accessories,2025,February,1
73,Samurai High Temp,Samurai,Accessories,2025,March,4
73,Samurai High Temp,Samurai,Accessories,2025,April,1
73,Samurai High Temp,Samurai,Accessories,2025,May,1
73,Samurai High Temp,Samurai,Accessories,2025,June,2
73,Samurai High Temp,Samurai,Accessories,2025,July,2
73,Samurai High Temp,Samurai,Accessories,2025,August,1
73,Samurai High Temp,Samurai,Accessories,2025,September,1
73,Samurai High Temp,Samurai,Accessories,2025,October,2
73,Samurai High Temp,Samurai,Accessories,2025,November,0
73,Samurai High Temp,Samurai,Accessories,2025,December,2
73,Samurai High Temp,Samurai,Accessories,2026,January,2
73,Samurai High Temp,Samurai,Accessories,2026,February,1
73,Samurai High Temp,Samurai,Accessories,2026,March,1
73,Samurai High Temp,Samurai,Accessories,2026,April,3
73,Samurai High Temp,Samurai,Accessories,2026,May,0
74,Circlip,Yamaha,Maintenance,2023,January,0
74,Circlip,Yamaha,Maintenance,2023,February,0
74,Circlip,Yamaha,Maintenance,2023,March,0
74,Circlip,Yamaha,Maintenance,2023,April,0
74,Circlip,Yamaha,Maintenance,2023,May,0
74,Circlip,Yamaha,Maintenance,2023,June,0
74,Circlip,Yamaha,Maintenance,2023,July,0
74,Circlip,Yamaha,Maintenance,2023,August,0
74,Circlip,Yamaha,Maintenance,2023,September,0
74,Circlip,Yamaha,Maintenance,2023,October,0
74,Circlip,Yamaha,Maintenance,2023,November,0
74,Circlip,Yamaha,Maintenance,2023,December,0
74,Circlip,Yamaha,Maintenance,2024,January,1
74,Circlip,Yamaha,Maintenance,2024,February,1
74,Circlip,Yamaha,Maintenance,2024,March,0
74,Circlip,Yamaha,Maintenance,2024,April,0
74,Circlip,Yamaha,Maintenance,2024,May,0
74,Circlip,Yamaha,Maintenance,2024,June,0
74,Circlip,Yamaha,Maintenance,2024,July,0
74,Circlip,Yamaha,Maintenance,2024,August,0
74,Circlip,Yamaha,Maintenance,2024,September,0
74,Circlip,Yamaha,Maintenance,2024,October,0
74,Circlip,Yamaha,Maintenance,2024,November,0
74,Circlip,Yamaha,Maintenance,2024,December,0
74,Circlip,Yamaha,Maintenance,2025,January,0
74,Circlip,Yamaha,Maintenance,2025,February,4
74,Circlip,Yamaha,Maintenance,2025,March,0
74,Circlip,Yamaha,Maintenance,2025,April,0
74,Circlip,Yamaha,Maintenance,2025,May,0
74,Circlip,Yamaha,Maintenance,2025,June,0
74,Circlip,Yamaha,Maintenance,2025,July,0
74,Circlip,Yamaha,Maintenance,2025,August,0
74,Circlip,Yamaha,Maintenance,2025,September,0
74,Circlip,Yamaha,Maintenance,2025,October,0
74,Circlip,Yamaha,Maintenance,2025,November,1
74,Circlip,Yamaha,Maintenance,2025,December,0
74,Circlip,Yamaha,Maintenance,2026,January,0
74,Circlip,Yamaha,Maintenance,2026,February,2
74,Circlip,Yamaha,Maintenance,2026,March,3
74,Circlip,Yamaha,Maintenance,2026,April,2
74,Circlip,Yamaha,Maintenance,2026,May,0
75,RCB CT600,Racing Boy,Accessories,2023,January,0
75,RCB CT600,Racing Boy,Accessories,2023,February,0
75,RCB CT600,Racing Boy,Accessories,2023,March,0
75,RCB CT600,Racing Boy,Accessories,2023,April,0
75,RCB CT600,Racing Boy,Accessories,2023,May,0
75,RCB CT600,Racing Boy,Accessories,2023,June,0
75,RCB CT600,Racing Boy,Accessories,2023,July,0
75,RCB CT600,Racing Boy,Accessories,2023,August,0
75,RCB CT600,Racing Boy,Accessories,2023,September,0
75,RCB CT600,Racing Boy,Accessories,2023,October,0
75,RCB CT600,Racing Boy,Accessories,2023,November,0
75,RCB CT600,Racing Boy,Accessories,2023,December,0
75,RCB CT600,Racing Boy,Accessories,2024,January,0
75,RCB CT600,Racing Boy,Accessories,2024,February,0
75,RCB CT600,Racing Boy,Accessories,2024,March,0
75,RCB CT600,Racing Boy,Accessories,2024,April,0
75,RCB CT600,Racing Boy,Accessories,2024,May,0
75,RCB CT600,Racing Boy,Accessories,2024,June,0
75,RCB CT600,Racing Boy,Accessories,2024,July,0
75,RCB CT600,Racing Boy,Accessories,2024,August,0
75,RCB CT600,Racing Boy,Accessories,2024,September,0
75,RCB CT600,Racing Boy,Accessories,2024,October,0
75,RCB CT600,Racing Boy,Accessories,2024,November,0
75,RCB CT600,Racing Boy,Accessories,2024,December,0
75,RCB CT600,Racing Boy,Accessories,2025,January,0
75,RCB CT600,Racing Boy,Accessories,2025,February,0
75,RCB CT600,Racing Boy,Accessories,2025,March,0
75,RCB CT600,Racing Boy,Accessories,2025,April,0
75,RCB CT600,Racing Boy,Accessories,2025,May,0
75,RCB CT600,Racing Boy,Accessories,2025,June,0
75,RCB CT600,Racing Boy,Accessories,2025,July,0
75,RCB CT600,Racing Boy,Accessories,2025,August,0
75,RCB CT600,Racing Boy,Accessories,2025,September,0
75,RCB CT600,Racing Boy,Accessories,2025,October,0
75,RCB CT600,Racing Boy,Accessories,2025,November,1
75,RCB CT600,Racing Boy,Accessories,2025,December,0
75,RCB CT600,Racing Boy,Accessories,2026,January,0
75,RCB CT600,Racing Boy,Accessories,2026,February,3
75,RCB CT600,Racing Boy,Accessories,2026,March,2
75,RCB CT600,Racing Boy,Accessories,2026,April,0
75,RCB CT600,Racing Boy,Accessories,2026,May,1
76,JVT V3 Pipe (ADV),JVT,Racing Parts,2023,January,0
76,JVT V3 Pipe (ADV),JVT,Racing Parts,2023,February,0
76,JVT V3 Pipe (ADV),JVT,Racing Parts,2023,March,0
76,JVT V3 Pipe (ADV),JVT,Racing Parts,2023,April,0
76,JVT V3 Pipe (ADV),JVT,Racing Parts,2023,May,0
76,JVT V3 Pipe (ADV),JVT,Racing Parts,2023,June,0
76,JVT V3 Pipe (ADV),JVT,Racing Parts,2023,July,0
76,JVT V3 Pipe (ADV),JVT,Racing Parts,2023,August,0
76,JVT V3 Pipe (ADV),JVT,Racing Parts,2023,September,0
76,JVT V3 Pipe (ADV),JVT,Racing Parts,2023,October,0
76,JVT V3 Pipe (ADV),JVT,Racing Parts,2023,November,0
76,JVT V3 Pipe (ADV),JVT,Racing Parts,2023,December,0
76,JVT V3 Pipe (ADV),JVT,Racing Parts,2024,January,2
76,JVT V3 Pipe (ADV),JVT,Racing Parts,2024,February,0
76,JVT V3 Pipe (ADV),JVT,Racing Parts,2024,March,0
76,JVT V3 Pipe (ADV),JVT,Racing Parts,2024,April,0
76,JVT V3 Pipe (ADV),JVT,Racing Parts,2024,May,0
76,JVT V3 Pipe (ADV),JVT,Racing Parts,2024,June,0
76,JVT V3 Pipe (ADV),JVT,Racing Parts,2024,July,0
76,JVT V3 Pipe (ADV),JVT,Racing Parts,2024,August,2
76,JVT V3 Pipe (ADV),JVT,Racing Parts,2024,September,0
76,JVT V3 Pipe (ADV),JVT,Racing Parts,2024,October,0
76,JVT V3 Pipe (ADV),JVT,Racing Parts,2024,November,0
76,JVT V3 Pipe (ADV),JVT,Racing Parts,2024,December,0
76,JVT V3 Pipe (ADV),JVT,Racing Parts,2025,January,0
76,JVT V3 Pipe (ADV),JVT,Racing Parts,2025,February,1
76,JVT V3 Pipe (ADV),JVT,Racing Parts,2025,March,0
76,JVT V3 Pipe (ADV),JVT,Racing Parts,2025,April,1
76,JVT V3 Pipe (ADV),JVT,Racing Parts,2025,May,1
76,JVT V3 Pipe (ADV),JVT,Racing Parts,2025,June,1
76,JVT V3 Pipe (ADV),JVT,Racing Parts,2025,July,0
76,JVT V3 Pipe (ADV),JVT,Racing Parts,2025,August,0
76,JVT V3 Pipe (ADV),JVT,Racing Parts,2025,September,0
76,JVT V3 Pipe (ADV),JVT,Racing Parts,2025,October,1
76,JVT V3 Pipe (ADV),JVT,Racing Parts,2025,November,2
76,JVT V3 Pipe (ADV),JVT,Racing Parts,2025,December,3
76,JVT V3 Pipe (ADV),JVT,Racing Parts,2026,January,2
76,JVT V3 Pipe (ADV),JVT,Racing Parts,2026,February,0
76,JVT V3 Pipe (ADV),JVT,Racing Parts,2026,March,3
76,JVT V3 Pipe (ADV),JVT,Racing Parts,2026,April,1
76,JVT V3 Pipe (ADV),JVT,Racing Parts,2026,May,0
77,E3 Brake Master,Racing Boy,Accessories,2023,January,0
77,E3 Brake Master,Racing Boy,Accessories,2023,February,0
77,E3 Brake Master,Racing Boy,Accessories,2023,March,0
77,E3 Brake Master,Racing Boy,Accessories,2023,April,0
77,E3 Brake Master,Racing Boy,Accessories,2023,May,0
77,E3 Brake Master,Racing Boy,Accessories,2023,June,0
77,E3 Brake Master,Racing Boy,Accessories,2023,July,0
77,E3 Brake Master,Racing Boy,Accessories,2023,August,0
77,E3 Brake Master,Racing Boy,Accessories,2023,September,0
77,E3 Brake Master,Racing Boy,Accessories,2023,October,0
77,E3 Brake Master,Racing Boy,Accessories,2023,November,0
77,E3 Brake Master,Racing Boy,Accessories,2023,December,0
77,E3 Brake Master,Racing Boy,Accessories,2024,January,0
77,E3 Brake Master,Racing Boy,Accessories,2024,February,0
77,E3 Brake Master,Racing Boy,Accessories,2024,March,0
77,E3 Brake Master,Racing Boy,Accessories,2024,April,0
77,E3 Brake Master,Racing Boy,Accessories,2024,May,0
77,E3 Brake Master,Racing Boy,Accessories,2024,June,0
77,E3 Brake Master,Racing Boy,Accessories,2024,July,0
77,E3 Brake Master,Racing Boy,Accessories,2024,August,0
77,E3 Brake Master,Racing Boy,Accessories,2024,September,0
77,E3 Brake Master,Racing Boy,Accessories,2024,October,0
77,E3 Brake Master,Racing Boy,Accessories,2024,November,0
77,E3 Brake Master,Racing Boy,Accessories,2024,December,0
77,E3 Brake Master,Racing Boy,Accessories,2025,January,0
77,E3 Brake Master,Racing Boy,Accessories,2025,February,0
77,E3 Brake Master,Racing Boy,Accessories,2025,March,0
77,E3 Brake Master,Racing Boy,Accessories,2025,April,0
77,E3 Brake Master,Racing Boy,Accessories,2025,May,0
77,E3 Brake Master,Racing Boy,Accessories,2025,June,0
77,E3 Brake Master,Racing Boy,Accessories,2025,July,1
77,E3 Brake Master,Racing Boy,Accessories,2025,August,0
77,E3 Brake Master,Racing Boy,Accessories,2025,September,1
77,E3 Brake Master,Racing Boy,Accessories,2025,October,1
77,E3 Brake Master,Racing Boy,Accessories,2025,November,1
77,E3 Brake Master,Racing Boy,Accessories,2025,December,1
77,E3 Brake Master,Racing Boy,Accessories,2026,January,2
77,E3 Brake Master,Racing Boy,Accessories,2026,February,2
77,E3 Brake Master,Racing Boy,Accessories,2026,March,0
77,E3 Brake Master,Racing Boy,Accessories,2026,April,1
77,E3 Brake Master,Racing Boy,Accessories,2026,May,1
78,Yuasa 6V,YUASA,Maintenance,2023,January,0
78,Yuasa 6V,YUASA,Maintenance,2023,February,0
78,Yuasa 6V,YUASA,Maintenance,2023,March,0
78,Yuasa 6V,YUASA,Maintenance,2023,April,0
78,Yuasa 6V,YUASA,Maintenance,2023,May,0
78,Yuasa 6V,YUASA,Maintenance,2023,June,0
78,Yuasa 6V,YUASA,Maintenance,2023,July,0
78,Yuasa 6V,YUASA,Maintenance,2023,August,0
78,Yuasa 6V,YUASA,Maintenance,2023,September,0
78,Yuasa 6V,YUASA,Maintenance,2023,October,0
78,Yuasa 6V,YUASA,Maintenance,2023,November,0
78,Yuasa 6V,YUASA,Maintenance,2023,December,0
78,Yuasa 6V,YUASA,Maintenance,2024,January,0
78,Yuasa 6V,YUASA,Maintenance,2024,February,0
78,Yuasa 6V,YUASA,Maintenance,2024,March,0
78,Yuasa 6V,YUASA,Maintenance,2024,April,0
78,Yuasa 6V,YUASA,Maintenance,2024,May,0
78,Yuasa 6V,YUASA,Maintenance,2024,June,0
78,Yuasa 6V,YUASA,Maintenance,2024,July,0
78,Yuasa 6V,YUASA,Maintenance,2024,August,0
78,Yuasa 6V,YUASA,Maintenance,2024,September,0
78,Yuasa 6V,YUASA,Maintenance,2024,October,0
78,Yuasa 6V,YUASA,Maintenance,2024,November,0
78,Yuasa 6V,YUASA,Maintenance,2024,December,0
78,Yuasa 6V,YUASA,Maintenance,2025,January,0
78,Yuasa 6V,YUASA,Maintenance,2025,February,1
78,Yuasa 6V,YUASA,Maintenance,2025,March,0
78,Yuasa 6V,YUASA,Maintenance,2025,April,1
78,Yuasa 6V,YUASA,Maintenance,2025,May,0
78,Yuasa 6V,YUASA,Maintenance,2025,June,0
78,Yuasa 6V,YUASA,Maintenance,2025,July,0
78,Yuasa 6V,YUASA,Maintenance,2025,August,0
78,Yuasa 6V,YUASA,Maintenance,2025,September,0
78,Yuasa 6V,YUASA,Maintenance,2025,October,0
78,Yuasa 6V,YUASA,Maintenance,2025,November,0
78,Yuasa 6V,YUASA,Maintenance,2025,December,0
78,Yuasa 6V,YUASA,Maintenance,2026,January,1
78,Yuasa 6V,YUASA,Maintenance,2026,February,3
78,Yuasa 6V,YUASA,Maintenance,2026,March,1
78,Yuasa 6V,YUASA,Maintenance,2026,April,0
78,Yuasa 6V,YUASA,Maintenance,2026,May,1
79,Belt PCX,Honda,Honda Genuine Parts,2023,January,0
79,Belt PCX,Honda,Honda Genuine Parts,2023,February,0
79,Belt PCX,Honda,Honda Genuine Parts,2023,March,1
79,Belt PCX,Honda,Honda Genuine Parts,2023,April,2
79,Belt PCX,Honda,Honda Genuine Parts,2023,May,1
79,Belt PCX,Honda,Honda Genuine Parts,2023,June,1
79,Belt PCX,Honda,Honda Genuine Parts,2023,July,0
79,Belt PCX,Honda,Honda Genuine Parts,2023,August,2
79,Belt PCX,Honda,Honda Genuine Parts,2023,September,0
79,Belt PCX,Honda,Honda Genuine Parts,2023,October,0
79,Belt PCX,Honda,Honda Genuine Parts,2023,November,0
79,Belt PCX,Honda,Honda Genuine Parts,2023,December,0
79,Belt PCX,Honda,Honda Genuine Parts,2024,January,4
79,Belt PCX,Honda,Honda Genuine Parts,2024,February,1
79,Belt PCX,Honda,Honda Genuine Parts,2024,March,2
79,Belt PCX,Honda,Honda Genuine Parts,2024,April,1
79,Belt PCX,Honda,Honda Genuine Parts,2024,May,0
79,Belt PCX,Honda,Honda Genuine Parts,2024,June,1
79,Belt PCX,Honda,Honda Genuine Parts,2024,July,0
79,Belt PCX,Honda,Honda Genuine Parts,2024,August,1
79,Belt PCX,Honda,Honda Genuine Parts,2024,September,2
79,Belt PCX,Honda,Honda Genuine Parts,2024,October,0
79,Belt PCX,Honda,Honda Genuine Parts,2024,November,0
79,Belt PCX,Honda,Honda Genuine Parts,2024,December,1
79,Belt PCX,Honda,Honda Genuine Parts,2025,January,1
79,Belt PCX,Honda,Honda Genuine Parts,2025,February,0
79,Belt PCX,Honda,Honda Genuine Parts,2025,March,1
79,Belt PCX,Honda,Honda Genuine Parts,2025,April,0
79,Belt PCX,Honda,Honda Genuine Parts,2025,May,0
79,Belt PCX,Honda,Honda Genuine Parts,2025,June,1
79,Belt PCX,Honda,Honda Genuine Parts,2025,July,1
79,Belt PCX,Honda,Honda Genuine Parts,2025,August,0
79,Belt PCX,Honda,Honda Genuine Parts,2025,September,0
79,Belt PCX,Honda,Honda Genuine Parts,2025,October,3
79,Belt PCX,Honda,Honda Genuine Parts,2025,November,1
79,Belt PCX,Honda,Honda Genuine Parts,2025,December,3
79,Belt PCX,Honda,Honda Genuine Parts,2026,January,1
79,Belt PCX,Honda,Honda Genuine Parts,2026,February,1
79,Belt PCX,Honda,Honda Genuine Parts,2026,March,0
79,Belt PCX,Honda,Honda Genuine Parts,2026,April,2
79,Belt PCX,Honda,Honda Genuine Parts,2026,May,2
80,Beast 80/80 - 14,Beast,Tires,2023,January,0
80,Beast 80/80 - 14,Beast,Tires,2023,February,1
80,Beast 80/80 - 14,Beast,Tires,2023,March,0
80,Beast 80/80 - 14,Beast,Tires,2023,April,0
80,Beast 80/80 - 14,Beast,Tires,2023,May,1
80,Beast 80/80 - 14,Beast,Tires,2023,June,0
80,Beast 80/80 - 14,Beast,Tires,2023,July,0
80,Beast 80/80 - 14,Beast,Tires,2023,August,0
80,Beast 80/80 - 14,Beast,Tires,2023,September,0
80,Beast 80/80 - 14,Beast,Tires,2023,October,0
80,Beast 80/80 - 14,Beast,Tires,2023,November,1
80,Beast 80/80 - 14,Beast,Tires,2023,December,0
80,Beast 80/80 - 14,Beast,Tires,2024,January,0
80,Beast 80/80 - 14,Beast,Tires,2024,February,0
80,Beast 80/80 - 14,Beast,Tires,2024,March,0
80,Beast 80/80 - 14,Beast,Tires,2024,April,0
80,Beast 80/80 - 14,Beast,Tires,2024,May,1
80,Beast 80/80 - 14,Beast,Tires,2024,June,0
80,Beast 80/80 - 14,Beast,Tires,2024,July,1
80,Beast 80/80 - 14,Beast,Tires,2024,August,0
80,Beast 80/80 - 14,Beast,Tires,2024,September,0
80,Beast 80/80 - 14,Beast,Tires,2024,October,0
80,Beast 80/80 - 14,Beast,Tires,2024,November,1
80,Beast 80/80 - 14,Beast,Tires,2024,December,0
80,Beast 80/80 - 14,Beast,Tires,2025,January,1
80,Beast 80/80 - 14,Beast,Tires,2025,February,0
80,Beast 80/80 - 14,Beast,Tires,2025,March,0
80,Beast 80/80 - 14,Beast,Tires,2025,April,0
80,Beast 80/80 - 14,Beast,Tires,2025,May,1
80,Beast 80/80 - 14,Beast,Tires,2025,June,0
80,Beast 80/80 - 14,Beast,Tires,2025,July,2
80,Beast 80/80 - 14,Beast,Tires,2025,August,1
80,Beast 80/80 - 14,Beast,Tires,2025,September,0
80,Beast 80/80 - 14,Beast,Tires,2025,October,1
80,Beast 80/80 - 14,Beast,Tires,2025,November,2
80,Beast 80/80 - 14,Beast,Tires,2025,December,0
80,Beast 80/80 - 14,Beast,Tires,2026,January,1
80,Beast 80/80 - 14,Beast,Tires,2026,February,1
80,Beast 80/80 - 14,Beast,Tires,2026,March,2
80,Beast 80/80 - 14,Beast,Tires,2026,April,1
80,Beast 80/80 - 14,Beast,Tires,2026,May,1
81,Faito Knuckle Bearing,Faito,Maintenance,2023,January,0
81,Faito Knuckle Bearing,Faito,Maintenance,2023,February,0
81,Faito Knuckle Bearing,Faito,Maintenance,2023,March,3
81,Faito Knuckle Bearing,Faito,Maintenance,2023,April,0
81,Faito Knuckle Bearing,Faito,Maintenance,2023,May,0
81,Faito Knuckle Bearing,Faito,Maintenance,2023,June,0
81,Faito Knuckle Bearing,Faito,Maintenance,2023,July,0
81,Faito Knuckle Bearing,Faito,Maintenance,2023,August,0
81,Faito Knuckle Bearing,Faito,Maintenance,2023,September,1
81,Faito Knuckle Bearing,Faito,Maintenance,2023,October,0
81,Faito Knuckle Bearing,Faito,Maintenance,2023,November,4
81,Faito Knuckle Bearing,Faito,Maintenance,2023,December,1
81,Faito Knuckle Bearing,Faito,Maintenance,2024,January,1
81,Faito Knuckle Bearing,Faito,Maintenance,2024,February,3
81,Faito Knuckle Bearing,Faito,Maintenance,2024,March,0
81,Faito Knuckle Bearing,Faito,Maintenance,2024,April,1
81,Faito Knuckle Bearing,Faito,Maintenance,2024,May,0
81,Faito Knuckle Bearing,Faito,Maintenance,2024,June,2
81,Faito Knuckle Bearing,Faito,Maintenance,2024,July,1
81,Faito Knuckle Bearing,Faito,Maintenance,2024,August,3
81,Faito Knuckle Bearing,Faito,Maintenance,2024,September,1
81,Faito Knuckle Bearing,Faito,Maintenance,2024,October,0
81,Faito Knuckle Bearing,Faito,Maintenance,2024,November,4
81,Faito Knuckle Bearing,Faito,Maintenance,2024,December,0
81,Faito Knuckle Bearing,Faito,Maintenance,2025,January,1
81,Faito Knuckle Bearing,Faito,Maintenance,2025,February,1
81,Faito Knuckle Bearing,Faito,Maintenance,2025,March,2
81,Faito Knuckle Bearing,Faito,Maintenance,2025,April,1
81,Faito Knuckle Bearing,Faito,Maintenance,2025,May,3
81,Faito Knuckle Bearing,Faito,Maintenance,2025,June,1
81,Faito Knuckle Bearing,Faito,Maintenance,2025,July,0
81,Faito Knuckle Bearing,Faito,Maintenance,2025,August,3
81,Faito Knuckle Bearing,Faito,Maintenance,2025,September,0
81,Faito Knuckle Bearing,Faito,Maintenance,2025,October,0
81,Faito Knuckle Bearing,Faito,Maintenance,2025,November,0
81,Faito Knuckle Bearing,Faito,Maintenance,2025,December,0
81,Faito Knuckle Bearing,Faito,Maintenance,2026,January,1
81,Faito Knuckle Bearing,Faito,Maintenance,2026,February,1
81,Faito Knuckle Bearing,Faito,Maintenance,2026,March,1
81,Faito Knuckle Bearing,Faito,Maintenance,2026,April,2
81,Faito Knuckle Bearing,Faito,Maintenance,2026,May,1
82,Brake Shoe,Yamaha,Yamaha Genuine Parts,2023,January,5
82,Brake Shoe,Yamaha,Yamaha Genuine Parts,2023,February,0
82,Brake Shoe,Yamaha,Yamaha Genuine Parts,2023,March,3
82,Brake Shoe,Yamaha,Yamaha Genuine Parts,2023,April,1
82,Brake Shoe,Yamaha,Yamaha Genuine Parts,2023,May,2
82,Brake Shoe,Yamaha,Yamaha Genuine Parts,2023,June,0
82,Brake Shoe,Yamaha,Yamaha Genuine Parts,2023,July,2
82,Brake Shoe,Yamaha,Yamaha Genuine Parts,2023,August,3
82,Brake Shoe,Yamaha,Yamaha Genuine Parts,2023,September,3
82,Brake Shoe,Yamaha,Yamaha Genuine Parts,2023,October,1
82,Brake Shoe,Yamaha,Yamaha Genuine Parts,2023,November,6
82,Brake Shoe,Yamaha,Yamaha Genuine Parts,2023,December,2
82,Brake Shoe,Yamaha,Yamaha Genuine Parts,2024,January,3
82,Brake Shoe,Yamaha,Yamaha Genuine Parts,2024,February,2
82,Brake Shoe,Yamaha,Yamaha Genuine Parts,2024,March,1
82,Brake Shoe,Yamaha,Yamaha Genuine Parts,2024,April,1
82,Brake Shoe,Yamaha,Yamaha Genuine Parts,2024,May,1
82,Brake Shoe,Yamaha,Yamaha Genuine Parts,2024,June,0
82,Brake Shoe,Yamaha,Yamaha Genuine Parts,2024,July,0
82,Brake Shoe,Yamaha,Yamaha Genuine Parts,2024,August,0
82,Brake Shoe,Yamaha,Yamaha Genuine Parts,2024,September,0
82,Brake Shoe,Yamaha,Yamaha Genuine Parts,2024,October,2
82,Brake Shoe,Yamaha,Yamaha Genuine Parts,2024,November,0
82,Brake Shoe,Yamaha,Yamaha Genuine Parts,2024,December,3
82,Brake Shoe,Yamaha,Yamaha Genuine Parts,2025,January,1
82,Brake Shoe,Yamaha,Yamaha Genuine Parts,2025,February,3
82,Brake Shoe,Yamaha,Yamaha Genuine Parts,2025,March,3
82,Brake Shoe,Yamaha,Yamaha Genuine Parts,2025,April,2
82,Brake Shoe,Yamaha,Yamaha Genuine Parts,2025,May,1
82,Brake Shoe,Yamaha,Yamaha Genuine Parts,2025,June,1
82,Brake Shoe,Yamaha,Yamaha Genuine Parts,2025,July,3
82,Brake Shoe,Yamaha,Yamaha Genuine Parts,2025,August,3
82,Brake Shoe,Yamaha,Yamaha Genuine Parts,2025,September,0
82,Brake Shoe,Yamaha,Yamaha Genuine Parts,2025,October,3
82,Brake Shoe,Yamaha,Yamaha Genuine Parts,2025,November,2
82,Brake Shoe,Yamaha,Yamaha Genuine Parts,2025,December,3
82,Brake Shoe,Yamaha,Yamaha Genuine Parts,2026,January,2
82,Brake Shoe,Yamaha,Yamaha Genuine Parts,2026,February,1
82,Brake Shoe,Yamaha,Yamaha Genuine Parts,2026,March,2
82,Brake Shoe,Yamaha,Yamaha Genuine Parts,2026,April,0
82,Brake Shoe,Yamaha,Yamaha Genuine Parts,2026,May,1
83,BRD Radiator Cap,BRD,Accessories,2023,January,0
83,BRD Radiator Cap,BRD,Accessories,2023,February,0
83,BRD Radiator Cap,BRD,Accessories,2023,March,2
83,BRD Radiator Cap,BRD,Accessories,2023,April,1
83,BRD Radiator Cap,BRD,Accessories,2023,May,0
83,BRD Radiator Cap,BRD,Accessories,2023,June,0
83,BRD Radiator Cap,BRD,Accessories,2023,July,0
83,BRD Radiator Cap,BRD,Accessories,2023,August,0
83,BRD Radiator Cap,BRD,Accessories,2023,September,0
83,BRD Radiator Cap,BRD,Accessories,2023,October,0
83,BRD Radiator Cap,BRD,Accessories,2023,November,0
83,BRD Radiator Cap,BRD,Accessories,2023,December,0
83,BRD Radiator Cap,BRD,Accessories,2024,January,0
83,BRD Radiator Cap,BRD,Accessories,2024,February,1
83,BRD Radiator Cap,BRD,Accessories,2024,March,0
83,BRD Radiator Cap,BRD,Accessories,2024,April,0
83,BRD Radiator Cap,BRD,Accessories,2024,May,0
83,BRD Radiator Cap,BRD,Accessories,2024,June,0
83,BRD Radiator Cap,BRD,Accessories,2024,July,0
83,BRD Radiator Cap,BRD,Accessories,2024,August,0
83,BRD Radiator Cap,BRD,Accessories,2024,September,0
83,BRD Radiator Cap,BRD,Accessories,2024,October,0
83,BRD Radiator Cap,BRD,Accessories,2024,November,0
83,BRD Radiator Cap,BRD,Accessories,2024,December,0
83,BRD Radiator Cap,BRD,Accessories,2025,January,2
83,BRD Radiator Cap,BRD,Accessories,2025,February,1
83,BRD Radiator Cap,BRD,Accessories,2025,March,0
83,BRD Radiator Cap,BRD,Accessories,2025,April,0
83,BRD Radiator Cap,BRD,Accessories,2025,May,0
83,BRD Radiator Cap,BRD,Accessories,2025,June,0
83,BRD Radiator Cap,BRD,Accessories,2025,July,0
83,BRD Radiator Cap,BRD,Accessories,2025,August,0
83,BRD Radiator Cap,BRD,Accessories,2025,September,1
83,BRD Radiator Cap,BRD,Accessories,2025,October,2
83,BRD Radiator Cap,BRD,Accessories,2025,November,3
83,BRD Radiator Cap,BRD,Accessories,2025,December,1
83,BRD Radiator Cap,BRD,Accessories,2026,January,0
83,BRD Radiator Cap,BRD,Accessories,2026,February,4
83,BRD Radiator Cap,BRD,Accessories,2026,March,1
83,BRD Radiator Cap,BRD,Accessories,2026,April,1
83,BRD Radiator Cap,BRD,Accessories,2026,May,0
84,RCB Hand Grip,Racing Boy,Accessories,2023,January,2
84,RCB Hand Grip,Racing Boy,Accessories,2023,February,4
84,RCB Hand Grip,Racing Boy,Accessories,2023,March,2
84,RCB Hand Grip,Racing Boy,Accessories,2023,April,3
84,RCB Hand Grip,Racing Boy,Accessories,2023,May,4
84,RCB Hand Grip,Racing Boy,Accessories,2023,June,0
84,RCB Hand Grip,Racing Boy,Accessories,2023,July,2
84,RCB Hand Grip,Racing Boy,Accessories,2023,August,5
84,RCB Hand Grip,Racing Boy,Accessories,2023,September,1
84,RCB Hand Grip,Racing Boy,Accessories,2023,October,1
84,RCB Hand Grip,Racing Boy,Accessories,2023,November,6
84,RCB Hand Grip,Racing Boy,Accessories,2023,December,6
84,RCB Hand Grip,Racing Boy,Accessories,2024,January,2
84,RCB Hand Grip,Racing Boy,Accessories,2024,February,4
84,RCB Hand Grip,Racing Boy,Accessories,2024,March,1
84,RCB Hand Grip,Racing Boy,Accessories,2024,April,1
84,RCB Hand Grip,Racing Boy,Accessories,2024,May,5
84,RCB Hand Grip,Racing Boy,Accessories,2024,June,3
84,RCB Hand Grip,Racing Boy,Accessories,2024,July,2
84,RCB Hand Grip,Racing Boy,Accessories,2024,August,2
84,RCB Hand Grip,Racing Boy,Accessories,2024,September,0
84,RCB Hand Grip,Racing Boy,Accessories,2024,October,2
84,RCB Hand Grip,Racing Boy,Accessories,2024,November,2
84,RCB Hand Grip,Racing Boy,Accessories,2024,December,1
84,RCB Hand Grip,Racing Boy,Accessories,2025,January,2
84,RCB Hand Grip,Racing Boy,Accessories,2025,February,1
84,RCB Hand Grip,Racing Boy,Accessories,2025,March,2
84,RCB Hand Grip,Racing Boy,Accessories,2025,April,5
84,RCB Hand Grip,Racing Boy,Accessories,2025,May,1
84,RCB Hand Grip,Racing Boy,Accessories,2025,June,2
84,RCB Hand Grip,Racing Boy,Accessories,2025,July,3
84,RCB Hand Grip,Racing Boy,Accessories,2025,August,1
84,RCB Hand Grip,Racing Boy,Accessories,2025,September,2
84,RCB Hand Grip,Racing Boy,Accessories,2025,October,0
84,RCB Hand Grip,Racing Boy,Accessories,2025,November,2
84,RCB Hand Grip,Racing Boy,Accessories,2025,December,2
84,RCB Hand Grip,Racing Boy,Accessories,2026,January,0
84,RCB Hand Grip,Racing Boy,Accessories,2026,February,4
84,RCB Hand Grip,Racing Boy,Accessories,2026,March,0
84,RCB Hand Grip,Racing Boy,Accessories,2026,April,0
84,RCB Hand Grip,Racing Boy,Accessories,2026,May,2
85,JVT Bushing,JVT,Accessories,2023,January,0
85,JVT Bushing,JVT,Accessories,2023,February,1
85,JVT Bushing,JVT,Accessories,2023,March,0
85,JVT Bushing,JVT,Accessories,2023,April,0
85,JVT Bushing,JVT,Accessories,2023,May,0
85,JVT Bushing,JVT,Accessories,2023,June,3
85,JVT Bushing,JVT,Accessories,2023,July,2
85,JVT Bushing,JVT,Accessories,2023,August,0
85,JVT Bushing,JVT,Accessories,2023,September,0
85,JVT Bushing,JVT,Accessories,2023,October,1
85,JVT Bushing,JVT,Accessories,2023,November,0
85,JVT Bushing,JVT,Accessories,2023,December,1
85,JVT Bushing,JVT,Accessories,2024,January,2
85,JVT Bushing,JVT,Accessories,2024,February,0
85,JVT Bushing,JVT,Accessories,2024,March,2
85,JVT Bushing,JVT,Accessories,2024,April,0
85,JVT Bushing,JVT,Accessories,2024,May,0
85,JVT Bushing,JVT,Accessories,2024,June,0
85,JVT Bushing,JVT,Accessories,2024,July,0
85,JVT Bushing,JVT,Accessories,2024,August,1
85,JVT Bushing,JVT,Accessories,2024,September,0
85,JVT Bushing,JVT,Accessories,2024,October,1
85,JVT Bushing,JVT,Accessories,2024,November,0
85,JVT Bushing,JVT,Accessories,2024,December,0
85,JVT Bushing,JVT,Accessories,2025,January,0
85,JVT Bushing,JVT,Accessories,2025,February,2
85,JVT Bushing,JVT,Accessories,2025,March,0
85,JVT Bushing,JVT,Accessories,2025,April,0
85,JVT Bushing,JVT,Accessories,2025,May,0
85,JVT Bushing,JVT,Accessories,2025,June,0
85,JVT Bushing,JVT,Accessories,2025,July,0
85,JVT Bushing,JVT,Accessories,2025,August,0
85,JVT Bushing,JVT,Accessories,2025,September,1
85,JVT Bushing,JVT,Accessories,2025,October,4
85,JVT Bushing,JVT,Accessories,2025,November,2
85,JVT Bushing,JVT,Accessories,2025,December,1
85,JVT Bushing,JVT,Accessories,2026,January,2
85,JVT Bushing,JVT,Accessories,2026,February,2
85,JVT Bushing,JVT,Accessories,2026,March,1
85,JVT Bushing,JVT,Accessories,2026,April,0
85,JVT Bushing,JVT,Accessories,2026,May,1
86,Motul Scooter 800ml,Motul,Maintenance,2023,January,4
86,Motul Scooter 800ml,Motul,Maintenance,2023,February,7
86,Motul Scooter 800ml,Motul,Maintenance,2023,March,6
86,Motul Scooter 800ml,Motul,Maintenance,2023,April,7
86,Motul Scooter 800ml,Motul,Maintenance,2023,May,8
86,Motul Scooter 800ml,Motul,Maintenance,2023,June,11
86,Motul Scooter 800ml,Motul,Maintenance,2023,July,7
86,Motul Scooter 800ml,Motul,Maintenance,2023,August,5
86,Motul Scooter 800ml,Motul,Maintenance,2023,September,8
86,Motul Scooter 800ml,Motul,Maintenance,2023,October,5
86,Motul Scooter 800ml,Motul,Maintenance,2023,November,6
86,Motul Scooter 800ml,Motul,Maintenance,2023,December,16
86,Motul Scooter 800ml,Motul,Maintenance,2024,January,1
86,Motul Scooter 800ml,Motul,Maintenance,2024,February,0
86,Motul Scooter 800ml,Motul,Maintenance,2024,March,0
86,Motul Scooter 800ml,Motul,Maintenance,2024,April,2
86,Motul Scooter 800ml,Motul,Maintenance,2024,May,0
86,Motul Scooter 800ml,Motul,Maintenance,2024,June,1
86,Motul Scooter 800ml,Motul,Maintenance,2024,July,0
86,Motul Scooter 800ml,Motul,Maintenance,2024,August,5
86,Motul Scooter 800ml,Motul,Maintenance,2024,September,1
86,Motul Scooter 800ml,Motul,Maintenance,2024,October,1
86,Motul Scooter 800ml,Motul,Maintenance,2024,November,0
86,Motul Scooter 800ml,Motul,Maintenance,2024,December,0
86,Motul Scooter 800ml,Motul,Maintenance,2025,January,6
86,Motul Scooter 800ml,Motul,Maintenance,2025,February,4
86,Motul Scooter 800ml,Motul,Maintenance,2025,March,0
86,Motul Scooter 800ml,Motul,Maintenance,2025,April,0
86,Motul Scooter 800ml,Motul,Maintenance,2025,May,0
86,Motul Scooter 800ml,Motul,Maintenance,2025,June,0
86,Motul Scooter 800ml,Motul,Maintenance,2025,July,0
86,Motul Scooter 800ml,Motul,Maintenance,2025,August,0
86,Motul Scooter 800ml,Motul,Maintenance,2025,September,0
86,Motul Scooter 800ml,Motul,Maintenance,2025,October,1
86,Motul Scooter 800ml,Motul,Maintenance,2025,November,1
86,Motul Scooter 800ml,Motul,Maintenance,2025,December,0
86,Motul Scooter 800ml,Motul,Maintenance,2026,January,3
86,Motul Scooter 800ml,Motul,Maintenance,2026,February,3
86,Motul Scooter 800ml,Motul,Maintenance,2026,March,0
86,Motul Scooter 800ml,Motul,Maintenance,2026,April,0
86,Motul Scooter 800ml,Motul,Maintenance,2026,May,0
87,Nanomoly Oil Booster,Nanomoly,Maintenance,2023,January,0
87,Nanomoly Oil Booster,Nanomoly,Maintenance,2023,February,0
87,Nanomoly Oil Booster,Nanomoly,Maintenance,2023,March,0
87,Nanomoly Oil Booster,Nanomoly,Maintenance,2023,April,0
87,Nanomoly Oil Booster,Nanomoly,Maintenance,2023,May,0
87,Nanomoly Oil Booster,Nanomoly,Maintenance,2023,June,0
87,Nanomoly Oil Booster,Nanomoly,Maintenance,2023,July,0
87,Nanomoly Oil Booster,Nanomoly,Maintenance,2023,August,0
87,Nanomoly Oil Booster,Nanomoly,Maintenance,2023,September,0
87,Nanomoly Oil Booster,Nanomoly,Maintenance,2023,October,0
87,Nanomoly Oil Booster,Nanomoly,Maintenance,2023,November,0
87,Nanomoly Oil Booster,Nanomoly,Maintenance,2023,December,0
87,Nanomoly Oil Booster,Nanomoly,Maintenance,2024,January,0
87,Nanomoly Oil Booster,Nanomoly,Maintenance,2024,February,0
87,Nanomoly Oil Booster,Nanomoly,Maintenance,2024,March,0
87,Nanomoly Oil Booster,Nanomoly,Maintenance,2024,April,0
87,Nanomoly Oil Booster,Nanomoly,Maintenance,2024,May,0
87,Nanomoly Oil Booster,Nanomoly,Maintenance,2024,June,0
87,Nanomoly Oil Booster,Nanomoly,Maintenance,2024,July,0
87,Nanomoly Oil Booster,Nanomoly,Maintenance,2024,August,0
87,Nanomoly Oil Booster,Nanomoly,Maintenance,2024,September,0
87,Nanomoly Oil Booster,Nanomoly,Maintenance,2024,October,0
87,Nanomoly Oil Booster,Nanomoly,Maintenance,2024,November,0
87,Nanomoly Oil Booster,Nanomoly,Maintenance,2024,December,0
87,Nanomoly Oil Booster,Nanomoly,Maintenance,2025,January,0
87,Nanomoly Oil Booster,Nanomoly,Maintenance,2025,February,0
87,Nanomoly Oil Booster,Nanomoly,Maintenance,2025,March,0
87,Nanomoly Oil Booster,Nanomoly,Maintenance,2025,April,0
87,Nanomoly Oil Booster,Nanomoly,Maintenance,2025,May,0
87,Nanomoly Oil Booster,Nanomoly,Maintenance,2025,June,0
87,Nanomoly Oil Booster,Nanomoly,Maintenance,2025,July,0
87,Nanomoly Oil Booster,Nanomoly,Maintenance,2025,August,0
87,Nanomoly Oil Booster,Nanomoly,Maintenance,2025,September,0
87,Nanomoly Oil Booster,Nanomoly,Maintenance,2025,October,3
87,Nanomoly Oil Booster,Nanomoly,Maintenance,2025,November,3
87,Nanomoly Oil Booster,Nanomoly,Maintenance,2025,December,0
87,Nanomoly Oil Booster,Nanomoly,Maintenance,2026,January,2
87,Nanomoly Oil Booster,Nanomoly,Maintenance,2026,February,0
87,Nanomoly Oil Booster,Nanomoly,Maintenance,2026,March,2
87,Nanomoly Oil Booster,Nanomoly,Maintenance,2026,April,2
87,Nanomoly Oil Booster,Nanomoly,Maintenance,2026,May,0
88,RCB BD Series,Racing Boy,Accessories,2023,January,0
88,RCB BD Series,Racing Boy,Accessories,2023,February,0
88,RCB BD Series,Racing Boy,Accessories,2023,March,0
88,RCB BD Series,Racing Boy,Accessories,2023,April,0
88,RCB BD Series,Racing Boy,Accessories,2023,May,0
88,RCB BD Series,Racing Boy,Accessories,2023,June,0
88,RCB BD Series,Racing Boy,Accessories,2023,July,0
88,RCB BD Series,Racing Boy,Accessories,2023,August,0
88,RCB BD Series,Racing Boy,Accessories,2023,September,0
88,RCB BD Series,Racing Boy,Accessories,2023,October,0
88,RCB BD Series,Racing Boy,Accessories,2023,November,0
88,RCB BD Series,Racing Boy,Accessories,2023,December,0
88,RCB BD Series,Racing Boy,Accessories,2024,January,0
88,RCB BD Series,Racing Boy,Accessories,2024,February,0
88,RCB BD Series,Racing Boy,Accessories,2024,March,0
88,RCB BD Series,Racing Boy,Accessories,2024,April,0
88,RCB BD Series,Racing Boy,Accessories,2024,May,0
88,RCB BD Series,Racing Boy,Accessories,2024,June,0
88,RCB BD Series,Racing Boy,Accessories,2024,July,0
88,RCB BD Series,Racing Boy,Accessories,2024,August,0
88,RCB BD Series,Racing Boy,Accessories,2024,September,0
88,RCB BD Series,Racing Boy,Accessories,2024,October,0
88,RCB BD Series,Racing Boy,Accessories,2024,November,0
88,RCB BD Series,Racing Boy,Accessories,2024,December,0
88,RCB BD Series,Racing Boy,Accessories,2025,January,0
88,RCB BD Series,Racing Boy,Accessories,2025,February,0
88,RCB BD Series,Racing Boy,Accessories,2025,March,0
88,RCB BD Series,Racing Boy,Accessories,2025,April,0
88,RCB BD Series,Racing Boy,Accessories,2025,May,0
88,RCB BD Series,Racing Boy,Accessories,2025,June,0
88,RCB BD Series,Racing Boy,Accessories,2025,July,0
88,RCB BD Series,Racing Boy,Accessories,2025,August,0
88,RCB BD Series,Racing Boy,Accessories,2025,September,1
88,RCB BD Series,Racing Boy,Accessories,2025,October,0
88,RCB BD Series,Racing Boy,Accessories,2025,November,0
88,RCB BD Series,Racing Boy,Accessories,2025,December,0
88,RCB BD Series,Racing Boy,Accessories,2026,January,1
88,RCB BD Series,Racing Boy,Accessories,2026,February,0
88,RCB BD Series,Racing Boy,Accessories,2026,March,2
88,RCB BD Series,Racing Boy,Accessories,2026,April,0
88,RCB BD Series,Racing Boy,Accessories,2026,May,2
89,JVT CVT Set,JVT,Racing Parts,2023,January,0
89,JVT CVT Set,JVT,Racing Parts,2023,February,0
89,JVT CVT Set,JVT,Racing Parts,2023,March,1
89,JVT CVT Set,JVT,Racing Parts,2023,April,1
89,JVT CVT Set,JVT,Racing Parts,2023,May,0
89,JVT CVT Set,JVT,Racing Parts,2023,June,2
89,JVT CVT Set,JVT,Racing Parts,2023,July,0
89,JVT CVT Set,JVT,Racing Parts,2023,August,0
89,JVT CVT Set,JVT,Racing Parts,2023,September,0
89,JVT CVT Set,JVT,Racing Parts,2023,October,0
89,JVT CVT Set,JVT,Racing Parts,2023,November,0
89,JVT CVT Set,JVT,Racing Parts,2023,December,2
89,JVT CVT Set,JVT,Racing Parts,2024,January,1
89,JVT CVT Set,JVT,Racing Parts,2024,February,2
89,JVT CVT Set,JVT,Racing Parts,2024,March,0
89,JVT CVT Set,JVT,Racing Parts,2024,April,1
89,JVT CVT Set,JVT,Racing Parts,2024,May,1
89,JVT CVT Set,JVT,Racing Parts,2024,June,1
89,JVT CVT Set,JVT,Racing Parts,2024,July,3
89,JVT CVT Set,JVT,Racing Parts,2024,August,2
89,JVT CVT Set,JVT,Racing Parts,2024,September,1
89,JVT CVT Set,JVT,Racing Parts,2024,October,0
89,JVT CVT Set,JVT,Racing Parts,2024,November,0
89,JVT CVT Set,JVT,Racing Parts,2024,December,2
89,JVT CVT Set,JVT,Racing Parts,2025,January,1
89,JVT CVT Set,JVT,Racing Parts,2025,February,0
89,JVT CVT Set,JVT,Racing Parts,2025,March,0
89,JVT CVT Set,JVT,Racing Parts,2025,April,0
89,JVT CVT Set,JVT,Racing Parts,2025,May,0
89,JVT CVT Set,JVT,Racing Parts,2025,June,0
89,JVT CVT Set,JVT,Racing Parts,2025,July,0
89,JVT CVT Set,JVT,Racing Parts,2025,August,1
89,JVT CVT Set,JVT,Racing Parts,2025,September,0
89,JVT CVT Set,JVT,Racing Parts,2025,October,3
89,JVT CVT Set,JVT,Racing Parts,2025,November,1
89,JVT CVT Set,JVT,Racing Parts,2025,December,1
89,JVT CVT Set,JVT,Racing Parts,2026,January,2
89,JVT CVT Set,JVT,Racing Parts,2026,February,0
89,JVT CVT Set,JVT,Racing Parts,2026,March,2
89,JVT CVT Set,JVT,Racing Parts,2026,April,0
89,JVT CVT Set,JVT,Racing Parts,2026,May,1
90,JVT Pulley Set (ADV),JVT,Racing Parts,2023,January,0
90,JVT Pulley Set (ADV),JVT,Racing Parts,2023,February,0
90,JVT Pulley Set (ADV),JVT,Racing Parts,2023,March,0
90,JVT Pulley Set (ADV),JVT,Racing Parts,2023,April,0
90,JVT Pulley Set (ADV),JVT,Racing Parts,2023,May,0
90,JVT Pulley Set (ADV),JVT,Racing Parts,2023,June,0
90,JVT Pulley Set (ADV),JVT,Racing Parts,2023,July,0
90,JVT Pulley Set (ADV),JVT,Racing Parts,2023,August,0
90,JVT Pulley Set (ADV),JVT,Racing Parts,2023,September,0
90,JVT Pulley Set (ADV),JVT,Racing Parts,2023,October,0
90,JVT Pulley Set (ADV),JVT,Racing Parts,2023,November,0
90,JVT Pulley Set (ADV),JVT,Racing Parts,2023,December,0
90,JVT Pulley Set (ADV),JVT,Racing Parts,2024,January,2
90,JVT Pulley Set (ADV),JVT,Racing Parts,2024,February,0
90,JVT Pulley Set (ADV),JVT,Racing Parts,2024,March,0
90,JVT Pulley Set (ADV),JVT,Racing Parts,2024,April,0
90,JVT Pulley Set (ADV),JVT,Racing Parts,2024,May,0
90,JVT Pulley Set (ADV),JVT,Racing Parts,2024,June,0
90,JVT Pulley Set (ADV),JVT,Racing Parts,2024,July,0
90,JVT Pulley Set (ADV),JVT,Racing Parts,2024,August,1
90,JVT Pulley Set (ADV),JVT,Racing Parts,2024,September,1
90,JVT Pulley Set (ADV),JVT,Racing Parts,2024,October,0
90,JVT Pulley Set (ADV),JVT,Racing Parts,2024,November,1
90,JVT Pulley Set (ADV),JVT,Racing Parts,2024,December,0
90,JVT Pulley Set (ADV),JVT,Racing Parts,2025,January,1
90,JVT Pulley Set (ADV),JVT,Racing Parts,2025,February,0
90,JVT Pulley Set (ADV),JVT,Racing Parts,2025,March,0
90,JVT Pulley Set (ADV),JVT,Racing Parts,2025,April,0
90,JVT Pulley Set (ADV),JVT,Racing Parts,2025,May,0
90,JVT Pulley Set (ADV),JVT,Racing Parts,2025,June,0
90,JVT Pulley Set (ADV),JVT,Racing Parts,2025,July,0
90,JVT Pulley Set (ADV),JVT,Racing Parts,2025,August,0
90,JVT Pulley Set (ADV),JVT,Racing Parts,2025,September,0
90,JVT Pulley Set (ADV),JVT,Racing Parts,2025,October,0
90,JVT Pulley Set (ADV),JVT,Racing Parts,2025,November,0
90,JVT Pulley Set (ADV),JVT,Racing Parts,2025,December,0
90,JVT Pulley Set (ADV),JVT,Racing Parts,2026,January,1
90,JVT Pulley Set (ADV),JVT,Racing Parts,2026,February,1
90,JVT Pulley Set (ADV),JVT,Racing Parts,2026,March,2
90,JVT Pulley Set (ADV),JVT,Racing Parts,2026,April,1
90,JVT Pulley Set (ADV),JVT,Racing Parts,2026,May,0
91,JVT Pipe V3 (NMAX 2020),JVT,Racing Parts,2023,January,2
91,JVT Pipe V3 (NMAX 2020),JVT,Racing Parts,2023,February,0
91,JVT Pipe V3 (NMAX 2020),JVT,Racing Parts,2023,March,1
91,JVT Pipe V3 (NMAX 2020),JVT,Racing Parts,2023,April,0
91,JVT Pipe V3 (NMAX 2020),JVT,Racing Parts,2023,May,0
91,JVT Pipe V3 (NMAX 2020),JVT,Racing Parts,2023,June,0
91,JVT Pipe V3 (NMAX 2020),JVT,Racing Parts,2023,July,0
91,JVT Pipe V3 (NMAX 2020),JVT,Racing Parts,2023,August,0
91,JVT Pipe V3 (NMAX 2020),JVT,Racing Parts,2023,September,0
91,JVT Pipe V3 (NMAX 2020),JVT,Racing Parts,2023,October,0
91,JVT Pipe V3 (NMAX 2020),JVT,Racing Parts,2023,November,0
91,JVT Pipe V3 (NMAX 2020),JVT,Racing Parts,2023,December,1
91,JVT Pipe V3 (NMAX 2020),JVT,Racing Parts,2024,January,1
91,JVT Pipe V3 (NMAX 2020),JVT,Racing Parts,2024,February,0
91,JVT Pipe V3 (NMAX 2020),JVT,Racing Parts,2024,March,1
91,JVT Pipe V3 (NMAX 2020),JVT,Racing Parts,2024,April,0
91,JVT Pipe V3 (NMAX 2020),JVT,Racing Parts,2024,May,1
91,JVT Pipe V3 (NMAX 2020),JVT,Racing Parts,2024,June,0
91,JVT Pipe V3 (NMAX 2020),JVT,Racing Parts,2024,July,0
91,JVT Pipe V3 (NMAX 2020),JVT,Racing Parts,2024,August,0
91,JVT Pipe V3 (NMAX 2020),JVT,Racing Parts,2024,September,1
91,JVT Pipe V3 (NMAX 2020),JVT,Racing Parts,2024,October,0
91,JVT Pipe V3 (NMAX 2020),JVT,Racing Parts,2024,November,2
91,JVT Pipe V3 (NMAX 2020),JVT,Racing Parts,2024,December,4
91,JVT Pipe V3 (NMAX 2020),JVT,Racing Parts,2025,January,1
91,JVT Pipe V3 (NMAX 2020),JVT,Racing Parts,2025,February,2
91,JVT Pipe V3 (NMAX 2020),JVT,Racing Parts,2025,March,0
91,JVT Pipe V3 (NMAX 2020),JVT,Racing Parts,2025,April,0
91,JVT Pipe V3 (NMAX 2020),JVT,Racing Parts,2025,May,0
91,JVT Pipe V3 (NMAX 2020),JVT,Racing Parts,2025,June,0
91,JVT Pipe V3 (NMAX 2020),JVT,Racing Parts,2025,July,0
91,JVT Pipe V3 (NMAX 2020),JVT,Racing Parts,2025,August,0
91,JVT Pipe V3 (NMAX 2020),JVT,Racing Parts,2025,September,0
91,JVT Pipe V3 (NMAX 2020),JVT,Racing Parts,2025,October,0
91,JVT Pipe V3 (NMAX 2020),JVT,Racing Parts,2025,November,0
91,JVT Pipe V3 (NMAX 2020),JVT,Racing Parts,2025,December,0
91,JVT Pipe V3 (NMAX 2020),JVT,Racing Parts,2026,January,0
91,JVT Pipe V3 (NMAX 2020),JVT,Racing Parts,2026,February,0
91,JVT Pipe V3 (NMAX 2020),JVT,Racing Parts,2026,March,4
91,JVT Pipe V3 (NMAX 2020),JVT,Racing Parts,2026,April,1
91,JVT Pipe V3 (NMAX 2020),JVT,Racing Parts,2026,May,0
92,GS Battery 6V,GS,Battery,2023,January,1
92,GS Battery 6V,GS,Battery,2023,February,0
92,GS Battery 6V,GS,Battery,2023,March,0
92,GS Battery 6V,GS,Battery,2023,April,0
92,GS Battery 6V,GS,Battery,2023,May,0
92,GS Battery 6V,GS,Battery,2023,June,1
92,GS Battery 6V,GS,Battery,2023,July,0
92,GS Battery 6V,GS,Battery,2023,August,0
92,GS Battery 6V,GS,Battery,2023,September,0
92,GS Battery 6V,GS,Battery,2023,October,0
92,GS Battery 6V,GS,Battery,2023,November,0
92,GS Battery 6V,GS,Battery,2023,December,0
92,GS Battery 6V,GS,Battery,2024,January,3
92,GS Battery 6V,GS,Battery,2024,February,0
92,GS Battery 6V,GS,Battery,2024,March,0
92,GS Battery 6V,GS,Battery,2024,April,0
92,GS Battery 6V,GS,Battery,2024,May,0
92,GS Battery 6V,GS,Battery,2024,June,0
92,GS Battery 6V,GS,Battery,2024,July,0
92,GS Battery 6V,GS,Battery,2024,August,0
92,GS Battery 6V,GS,Battery,2024,September,0
92,GS Battery 6V,GS,Battery,2024,October,0
92,GS Battery 6V,GS,Battery,2024,November,0
92,GS Battery 6V,GS,Battery,2024,December,0
92,GS Battery 6V,GS,Battery,2025,January,1
92,GS Battery 6V,GS,Battery,2025,February,0
92,GS Battery 6V,GS,Battery,2025,March,0
92,GS Battery 6V,GS,Battery,2025,April,0
92,GS Battery 6V,GS,Battery,2025,May,0
92,GS Battery 6V,GS,Battery,2025,June,0
92,GS Battery 6V,GS,Battery,2025,July,0
92,GS Battery 6V,GS,Battery,2025,August,1
92,GS Battery 6V,GS,Battery,2025,September,0
92,GS Battery 6V,GS,Battery,2025,October,2
92,GS Battery 6V,GS,Battery,2025,November,0
92,GS Battery 6V,GS,Battery,2025,December,1
92,GS Battery 6V,GS,Battery,2026,January,1
92,GS Battery 6V,GS,Battery,2026,February,1
92,GS Battery 6V,GS,Battery,2026,March,1
92,GS Battery 6V,GS,Battery,2026,April,0
92,GS Battery 6V,GS,Battery,2026,May,2
93,Quick 100/80 - 14,Quick,Tires,2023,January,0
93,Quick 100/80 - 14,Quick,Tires,2023,February,3
93,Quick 100/80 - 14,Quick,Tires,2023,March,0
93,Quick 100/80 - 14,Quick,Tires,2023,April,0
93,Quick 100/80 - 14,Quick,Tires,2023,May,0
93,Quick 100/80 - 14,Quick,Tires,2023,June,1
93,Quick 100/80 - 14,Quick,Tires,2023,July,0
93,Quick 100/80 - 14,Quick,Tires,2023,August,0
93,Quick 100/80 - 14,Quick,Tires,2023,September,1
93,Quick 100/80 - 14,Quick,Tires,2023,October,0
93,Quick 100/80 - 14,Quick,Tires,2023,November,1
93,Quick 100/80 - 14,Quick,Tires,2023,December,0
93,Quick 100/80 - 14,Quick,Tires,2024,January,0
93,Quick 100/80 - 14,Quick,Tires,2024,February,0
93,Quick 100/80 - 14,Quick,Tires,2024,March,0
93,Quick 100/80 - 14,Quick,Tires,2024,April,1
93,Quick 100/80 - 14,Quick,Tires,2024,May,1
93,Quick 100/80 - 14,Quick,Tires,2024,June,0
93,Quick 100/80 - 14,Quick,Tires,2024,July,1
93,Quick 100/80 - 14,Quick,Tires,2024,August,0
93,Quick 100/80 - 14,Quick,Tires,2024,September,0
93,Quick 100/80 - 14,Quick,Tires,2024,October,1
93,Quick 100/80 - 14,Quick,Tires,2024,November,2
93,Quick 100/80 - 14,Quick,Tires,2024,December,0
93,Quick 100/80 - 14,Quick,Tires,2025,January,1
93,Quick 100/80 - 14,Quick,Tires,2025,February,0
93,Quick 100/80 - 14,Quick,Tires,2025,March,0
93,Quick 100/80 - 14,Quick,Tires,2025,April,0
93,Quick 100/80 - 14,Quick,Tires,2025,May,1
93,Quick 100/80 - 14,Quick,Tires,2025,June,0
93,Quick 100/80 - 14,Quick,Tires,2025,July,1
93,Quick 100/80 - 14,Quick,Tires,2025,August,0
93,Quick 100/80 - 14,Quick,Tires,2025,September,0
93,Quick 100/80 - 14,Quick,Tires,2025,October,1
93,Quick 100/80 - 14,Quick,Tires,2025,November,2
93,Quick 100/80 - 14,Quick,Tires,2025,December,1
93,Quick 100/80 - 14,Quick,Tires,2026,January,2
93,Quick 100/80 - 14,Quick,Tires,2026,February,0
93,Quick 100/80 - 14,Quick,Tires,2026,March,1
93,Quick 100/80 - 14,Quick,Tires,2026,April,1
93,Quick 100/80 - 14,Quick,Tires,2026,May,1
94,JVT Heat Guard,JVT,Accessories,2023,January,0
94,JVT Heat Guard,JVT,Accessories,2023,February,0
94,JVT Heat Guard,JVT,Accessories,2023,March,0
94,JVT Heat Guard,JVT,Accessories,2023,April,0
94,JVT Heat Guard,JVT,Accessories,2023,May,0
94,JVT Heat Guard,JVT,Accessories,2023,June,0
94,JVT Heat Guard,JVT,Accessories,2023,July,0
94,JVT Heat Guard,JVT,Accessories,2023,August,0
94,JVT Heat Guard,JVT,Accessories,2023,September,0
94,JVT Heat Guard,JVT,Accessories,2023,October,0
94,JVT Heat Guard,JVT,Accessories,2023,November,0
94,JVT Heat Guard,JVT,Accessories,2023,December,1
94,JVT Heat Guard,JVT,Accessories,2024,January,0
94,JVT Heat Guard,JVT,Accessories,2024,February,0
94,JVT Heat Guard,JVT,Accessories,2024,March,0
94,JVT Heat Guard,JVT,Accessories,2024,April,0
94,JVT Heat Guard,JVT,Accessories,2024,May,0
94,JVT Heat Guard,JVT,Accessories,2024,June,0
94,JVT Heat Guard,JVT,Accessories,2024,July,0
94,JVT Heat Guard,JVT,Accessories,2024,August,0
94,JVT Heat Guard,JVT,Accessories,2024,September,0
94,JVT Heat Guard,JVT,Accessories,2024,October,0
94,JVT Heat Guard,JVT,Accessories,2024,November,1
94,JVT Heat Guard,JVT,Accessories,2024,December,1
94,JVT Heat Guard,JVT,Accessories,2025,January,0
94,JVT Heat Guard,JVT,Accessories,2025,February,1
94,JVT Heat Guard,JVT,Accessories,2025,March,1
94,JVT Heat Guard,JVT,Accessories,2025,April,0
94,JVT Heat Guard,JVT,Accessories,2025,May,0
94,JVT Heat Guard,JVT,Accessories,2025,June,1
94,JVT Heat Guard,JVT,Accessories,2025,July,0
94,JVT Heat Guard,JVT,Accessories,2025,August,1
94,JVT Heat Guard,JVT,Accessories,2025,September,1
94,JVT Heat Guard,JVT,Accessories,2025,October,1
94,JVT Heat Guard,JVT,Accessories,2025,November,1
94,JVT Heat Guard,JVT,Accessories,2025,December,0
94,JVT Heat Guard,JVT,Accessories,2026,January,3
94,JVT Heat Guard,JVT,Accessories,2026,February,1
94,JVT Heat Guard,JVT,Accessories,2026,March,1
94,JVT Heat Guard,JVT,Accessories,2026,April,0
94,JVT Heat Guard,JVT,Accessories,2026,May,0
95,Quick 90/80 - 14,Quick,Tires,2023,January,1
95,Quick 90/80 - 14,Quick,Tires,2023,February,2
95,Quick 90/80 - 14,Quick,Tires,2023,March,1
95,Quick 90/80 - 14,Quick,Tires,2023,April,0
95,Quick 90/80 - 14,Quick,Tires,2023,May,1
95,Quick 90/80 - 14,Quick,Tires,2023,June,0
95,Quick 90/80 - 14,Quick,Tires,2023,July,0
95,Quick 90/80 - 14,Quick,Tires,2023,August,0
95,Quick 90/80 - 14,Quick,Tires,2023,September,1
95,Quick 90/80 - 14,Quick,Tires,2023,October,0
95,Quick 90/80 - 14,Quick,Tires,2023,November,0
95,Quick 90/80 - 14,Quick,Tires,2023,December,0
95,Quick 90/80 - 14,Quick,Tires,2024,January,0
95,Quick 90/80 - 14,Quick,Tires,2024,February,0
95,Quick 90/80 - 14,Quick,Tires,2024,March,1
95,Quick 90/80 - 14,Quick,Tires,2024,April,0
95,Quick 90/80 - 14,Quick,Tires,2024,May,1
95,Quick 90/80 - 14,Quick,Tires,2024,June,0
95,Quick 90/80 - 14,Quick,Tires,2024,July,0
95,Quick 90/80 - 14,Quick,Tires,2024,August,0
95,Quick 90/80 - 14,Quick,Tires,2024,September,0
95,Quick 90/80 - 14,Quick,Tires,2024,October,0
95,Quick 90/80 - 14,Quick,Tires,2024,November,1
95,Quick 90/80 - 14,Quick,Tires,2024,December,0
95,Quick 90/80 - 14,Quick,Tires,2025,January,1
95,Quick 90/80 - 14,Quick,Tires,2025,February,0
95,Quick 90/80 - 14,Quick,Tires,2025,March,1
95,Quick 90/80 - 14,Quick,Tires,2025,April,1
95,Quick 90/80 - 14,Quick,Tires,2025,May,0
95,Quick 90/80 - 14,Quick,Tires,2025,June,0
95,Quick 90/80 - 14,Quick,Tires,2025,July,0
95,Quick 90/80 - 14,Quick,Tires,2025,August,0
95,Quick 90/80 - 14,Quick,Tires,2025,September,0
95,Quick 90/80 - 14,Quick,Tires,2025,October,1
95,Quick 90/80 - 14,Quick,Tires,2025,November,0
95,Quick 90/80 - 14,Quick,Tires,2025,December,0
95,Quick 90/80 - 14,Quick,Tires,2026,January,1
95,Quick 90/80 - 14,Quick,Tires,2026,February,1
95,Quick 90/80 - 14,Quick,Tires,2026,March,1
95,Quick 90/80 - 14,Quick,Tires,2026,April,1
95,Quick 90/80 - 14,Quick,Tires,2026,May,1
96,RCB Tire Valve,RCB,Accessories,2023,January,0
96,RCB Tire Valve,RCB,Accessories,2023,February,0
96,RCB Tire Valve,RCB,Accessories,2023,March,0
96,RCB Tire Valve,RCB,Accessories,2023,April,0
96,RCB Tire Valve,RCB,Accessories,2023,May,0
96,RCB Tire Valve,RCB,Accessories,2023,June,0
96,RCB Tire Valve,RCB,Accessories,2023,July,0
96,RCB Tire Valve,RCB,Accessories,2023,August,0
96,RCB Tire Valve,RCB,Accessories,2023,September,0
96,RCB Tire Valve,RCB,Accessories,2023,October,0
96,RCB Tire Valve,RCB,Accessories,2023,November,0
96,RCB Tire Valve,RCB,Accessories,2023,December,0
96,RCB Tire Valve,RCB,Accessories,2024,January,1
96,RCB Tire Valve,RCB,Accessories,2024,February,0
96,RCB Tire Valve,RCB,Accessories,2024,March,0
96,RCB Tire Valve,RCB,Accessories,2024,April,0
96,RCB Tire Valve,RCB,Accessories,2024,May,0
96,RCB Tire Valve,RCB,Accessories,2024,June,0
96,RCB Tire Valve,RCB,Accessories,2024,July,0
96,RCB Tire Valve,RCB,Accessories,2024,August,1
96,RCB Tire Valve,RCB,Accessories,2024,September,0
96,RCB Tire Valve,RCB,Accessories,2024,October,0
96,RCB Tire Valve,RCB,Accessories,2024,November,0
96,RCB Tire Valve,RCB,Accessories,2024,December,0
96,RCB Tire Valve,RCB,Accessories,2025,January,0
96,RCB Tire Valve,RCB,Accessories,2025,February,0
96,RCB Tire Valve,RCB,Accessories,2025,March,0
96,RCB Tire Valve,RCB,Accessories,2025,April,0
96,RCB Tire Valve,RCB,Accessories,2025,May,0
96,RCB Tire Valve,RCB,Accessories,2025,June,0
96,RCB Tire Valve,RCB,Accessories,2025,July,0
96,RCB Tire Valve,RCB,Accessories,2025,August,0
96,RCB Tire Valve,RCB,Accessories,2025,September,0
96,RCB Tire Valve,RCB,Accessories,2025,October,0
96,RCB Tire Valve,RCB,Accessories,2025,November,0
96,RCB Tire Valve,RCB,Accessories,2025,December,0
96,RCB Tire Valve,RCB,Accessories,2026,January,1
96,RCB Tire Valve,RCB,Accessories,2026,February,2
96,RCB Tire Valve,RCB,Accessories,2026,March,2
96,RCB Tire Valve,RCB,Accessories,2026,April,0
96,RCB Tire Valve,RCB,Accessories,2026,May,0
97,PowerHorse Oil,Pertua,Maintenance,2023,January,0
97,PowerHorse Oil,Pertua,Maintenance,2023,February,0
97,PowerHorse Oil,Pertua,Maintenance,2023,March,0
97,PowerHorse Oil,Pertua,Maintenance,2023,April,0
97,PowerHorse Oil,Pertua,Maintenance,2023,May,0
97,PowerHorse Oil,Pertua,Maintenance,2023,June,0
97,PowerHorse Oil,Pertua,Maintenance,2023,July,0
97,PowerHorse Oil,Pertua,Maintenance,2023,August,0
97,PowerHorse Oil,Pertua,Maintenance,2023,September,0
97,PowerHorse Oil,Pertua,Maintenance,2023,October,0
97,PowerHorse Oil,Pertua,Maintenance,2023,November,0
97,PowerHorse Oil,Pertua,Maintenance,2023,December,0
97,PowerHorse Oil,Pertua,Maintenance,2024,January,0
97,PowerHorse Oil,Pertua,Maintenance,2024,February,0
97,PowerHorse Oil,Pertua,Maintenance,2024,March,0
97,PowerHorse Oil,Pertua,Maintenance,2024,April,0
97,PowerHorse Oil,Pertua,Maintenance,2024,May,0
97,PowerHorse Oil,Pertua,Maintenance,2024,June,0
97,PowerHorse Oil,Pertua,Maintenance,2024,July,0
97,PowerHorse Oil,Pertua,Maintenance,2024,August,0
97,PowerHorse Oil,Pertua,Maintenance,2024,September,0
97,PowerHorse Oil,Pertua,Maintenance,2024,October,0
97,PowerHorse Oil,Pertua,Maintenance,2024,November,0
97,PowerHorse Oil,Pertua,Maintenance,2024,December,0
97,PowerHorse Oil,Pertua,Maintenance,2025,January,0
97,PowerHorse Oil,Pertua,Maintenance,2025,February,0
97,PowerHorse Oil,Pertua,Maintenance,2025,March,0
97,PowerHorse Oil,Pertua,Maintenance,2025,April,0
97,PowerHorse Oil,Pertua,Maintenance,2025,May,0
97,PowerHorse Oil,Pertua,Maintenance,2025,June,0
97,PowerHorse Oil,Pertua,Maintenance,2025,July,0
97,PowerHorse Oil,Pertua,Maintenance,2025,August,0
97,PowerHorse Oil,Pertua,Maintenance,2025,September,0
97,PowerHorse Oil,Pertua,Maintenance,2025,October,0
97,PowerHorse Oil,Pertua,Maintenance,2025,November,0
97,PowerHorse Oil,Pertua,Maintenance,2025,December,0
97,PowerHorse Oil,Pertua,Maintenance,2026,January,5
97,PowerHorse Oil,Pertua,Maintenance,2026,February,0
97,PowerHorse Oil,Pertua,Maintenance,2026,March,0
97,PowerHorse Oil,Pertua,Maintenance,2026,April,0
97,PowerHorse Oil,Pertua,Maintenance,2026,May,0
98,Honda Oil,Honda,Maintenance,2023,January,4
98,Honda Oil,Honda,Maintenance,2023,February,2
98,Honda Oil,Honda,Maintenance,2023,March,0
98,Honda Oil,Honda,Maintenance,2023,April,0
98,Honda Oil,Honda,Maintenance,2023,May,3
98,Honda Oil,Honda,Maintenance,2023,June,2
98,Honda Oil,Honda,Maintenance,2023,July,4
98,Honda Oil,Honda,Maintenance,2023,August,7
98,Honda Oil,Honda,Maintenance,2023,September,10
98,Honda Oil,Honda,Maintenance,2023,October,2
98,Honda Oil,Honda,Maintenance,2023,November,4
98,Honda Oil,Honda,Maintenance,2023,December,8
98,Honda Oil,Honda,Maintenance,2024,January,3
98,Honda Oil,Honda,Maintenance,2024,February,0
98,Honda Oil,Honda,Maintenance,2024,March,0
98,Honda Oil,Honda,Maintenance,2024,April,1
98,Honda Oil,Honda,Maintenance,2024,May,1
98,Honda Oil,Honda,Maintenance,2024,June,1
98,Honda Oil,Honda,Maintenance,2024,July,0
98,Honda Oil,Honda,Maintenance,2024,August,1
98,Honda Oil,Honda,Maintenance,2024,September,1
98,Honda Oil,Honda,Maintenance,2024,October,0
98,Honda Oil,Honda,Maintenance,2024,November,0
98,Honda Oil,Honda,Maintenance,2024,December,0
98,Honda Oil,Honda,Maintenance,2025,January,1
98,Honda Oil,Honda,Maintenance,2025,February,4
98,Honda Oil,Honda,Maintenance,2025,March,6
98,Honda Oil,Honda,Maintenance,2025,April,5
98,Honda Oil,Honda,Maintenance,2025,May,12
98,Honda Oil,Honda,Maintenance,2025,June,17
98,Honda Oil,Honda,Maintenance,2025,July,14
98,Honda Oil,Honda,Maintenance,2025,August,9
98,Honda Oil,Honda,Maintenance,2025,September,6
98,Honda Oil,Honda,Maintenance,2025,October,0
98,Honda Oil,Honda,Maintenance,2025,November,0
98,Honda Oil,Honda,Maintenance,2025,December,18
98,Honda Oil,Honda,Maintenance,2026,January,3
98,Honda Oil,Honda,Maintenance,2026,February,2
98,Honda Oil,Honda,Maintenance,2026,March,0
98,Honda Oil,Honda,Maintenance,2026,April,0
98,Honda Oil,Honda,Maintenance,2026,May,0
99,Head Gasket,Honda,Honda Genuine Parts,2023,January,0
99,Head Gasket,Honda,Honda Genuine Parts,2023,February,0
99,Head Gasket,Honda,Honda Genuine Parts,2023,March,0
99,Head Gasket,Honda,Honda Genuine Parts,2023,April,0
99,Head Gasket,Honda,Honda Genuine Parts,2023,May,0
99,Head Gasket,Honda,Honda Genuine Parts,2023,June,0
99,Head Gasket,Honda,Honda Genuine Parts,2023,July,0
99,Head Gasket,Honda,Honda Genuine Parts,2023,August,1
99,Head Gasket,Honda,Honda Genuine Parts,2023,September,1
99,Head Gasket,Honda,Honda Genuine Parts,2023,October,0
99,Head Gasket,Honda,Honda Genuine Parts,2023,November,0
99,Head Gasket,Honda,Honda Genuine Parts,2023,December,1
99,Head Gasket,Honda,Honda Genuine Parts,2024,January,0
99,Head Gasket,Honda,Honda Genuine Parts,2024,February,0
99,Head Gasket,Honda,Honda Genuine Parts,2024,March,0
99,Head Gasket,Honda,Honda Genuine Parts,2024,April,0
99,Head Gasket,Honda,Honda Genuine Parts,2024,May,0
99,Head Gasket,Honda,Honda Genuine Parts,2024,June,0
99,Head Gasket,Honda,Honda Genuine Parts,2024,July,0
99,Head Gasket,Honda,Honda Genuine Parts,2024,August,0
99,Head Gasket,Honda,Honda Genuine Parts,2024,September,0
99,Head Gasket,Honda,Honda Genuine Parts,2024,October,0
99,Head Gasket,Honda,Honda Genuine Parts,2024,November,0
99,Head Gasket,Honda,Honda Genuine Parts,2024,December,0
99,Head Gasket,Honda,Honda Genuine Parts,2025,January,3
99,Head Gasket,Honda,Honda Genuine Parts,2025,February,1
99,Head Gasket,Honda,Honda Genuine Parts,2025,March,1
99,Head Gasket,Honda,Honda Genuine Parts,2025,April,0
99,Head Gasket,Honda,Honda Genuine Parts,2025,May,0
99,Head Gasket,Honda,Honda Genuine Parts,2025,June,0
99,Head Gasket,Honda,Honda Genuine Parts,2025,July,0
99,Head Gasket,Honda,Honda Genuine Parts,2025,August,0
99,Head Gasket,Honda,Honda Genuine Parts,2025,September,0
99,Head Gasket,Honda,Honda Genuine Parts,2025,October,0
99,Head Gasket,Honda,Honda Genuine Parts,2025,November,2
99,Head Gasket,Honda,Honda Genuine Parts,2025,December,0
99,Head Gasket,Honda,Honda Genuine Parts,2026,January,2
99,Head Gasket,Honda,Honda Genuine Parts,2026,February,3
99,Head Gasket,Honda,Honda Genuine Parts,2026,March,0
99,Head Gasket,Honda,Honda Genuine Parts,2026,April,0
99,Head Gasket,Honda,Honda Genuine Parts,2026,May,0
100,Cylinder Gasket,Yamaha,Yamaha Genuine Parts,2023,January,0
100,Cylinder Gasket,Yamaha,Yamaha Genuine Parts,2023,February,0
100,Cylinder Gasket,Yamaha,Yamaha Genuine Parts,2023,March,0
100,Cylinder Gasket,Yamaha,Yamaha Genuine Parts,2023,April,0
100,Cylinder Gasket,Yamaha,Yamaha Genuine Parts,2023,May,0
100,Cylinder Gasket,Yamaha,Yamaha Genuine Parts,2023,June,0
100,Cylinder Gasket,Yamaha,Yamaha Genuine Parts,2023,July,0
100,Cylinder Gasket,Yamaha,Yamaha Genuine Parts,2023,August,0
100,Cylinder Gasket,Yamaha,Yamaha Genuine Parts,2023,September,0
100,Cylinder Gasket,Yamaha,Yamaha Genuine Parts,2023,October,1
100,Cylinder Gasket,Yamaha,Yamaha Genuine Parts,2023,November,0
100,Cylinder Gasket,Yamaha,Yamaha Genuine Parts,2023,December,0
100,Cylinder Gasket,Yamaha,Yamaha Genuine Parts,2024,January,0
100,Cylinder Gasket,Yamaha,Yamaha Genuine Parts,2024,February,1
100,Cylinder Gasket,Yamaha,Yamaha Genuine Parts,2024,March,0
100,Cylinder Gasket,Yamaha,Yamaha Genuine Parts,2024,April,1
100,Cylinder Gasket,Yamaha,Yamaha Genuine Parts,2024,May,0
100,Cylinder Gasket,Yamaha,Yamaha Genuine Parts,2024,June,0
100,Cylinder Gasket,Yamaha,Yamaha Genuine Parts,2024,July,0
100,Cylinder Gasket,Yamaha,Yamaha Genuine Parts,2024,August,0
100,Cylinder Gasket,Yamaha,Yamaha Genuine Parts,2024,September,0
100,Cylinder Gasket,Yamaha,Yamaha Genuine Parts,2024,October,0
100,Cylinder Gasket,Yamaha,Yamaha Genuine Parts,2024,November,0
100,Cylinder Gasket,Yamaha,Yamaha Genuine Parts,2024,December,0
100,Cylinder Gasket,Yamaha,Yamaha Genuine Parts,2025,January,1
100,Cylinder Gasket,Yamaha,Yamaha Genuine Parts,2025,February,1
100,Cylinder Gasket,Yamaha,Yamaha Genuine Parts,2025,March,2
100,Cylinder Gasket,Yamaha,Yamaha Genuine Parts,2025,April,1
100,Cylinder Gasket,Yamaha,Yamaha Genuine Parts,2025,May,1
100,Cylinder Gasket,Yamaha,Yamaha Genuine Parts,2025,June,0
100,Cylinder Gasket,Yamaha,Yamaha Genuine Parts,2025,July,0
100,Cylinder Gasket,Yamaha,Yamaha Genuine Parts,2025,August,1
100,Cylinder Gasket,Yamaha,Yamaha Genuine Parts,2025,September,1
100,Cylinder Gasket,Yamaha,Yamaha Genuine Parts,2025,October,0
100,Cylinder Gasket,Yamaha,Yamaha Genuine Parts,2025,November,0
100,Cylinder Gasket,Yamaha,Yamaha Genuine Parts,2025,December,0
100,Cylinder Gasket,Yamaha,Yamaha Genuine Parts,2026,January,1
100,Cylinder Gasket,Yamaha,Yamaha Genuine Parts,2026,February,0
100,Cylinder Gasket,Yamaha,Yamaha Genuine Parts,2026,March,2
100,Cylinder Gasket,Yamaha,Yamaha Genuine Parts,2026,April,2
100,Cylinder Gasket,Yamaha,Yamaha Genuine Parts,2026,May,0
